2026-04-28 07:41:26 | INFO     | app.main:add_security_headers:43 - GET / - 200 (0.0012s)
2026-04-28 07:42:41 | INFO     | app.main:add_security_headers:43 - GET /docs - 200 (0.0004s)
2026-04-28 07:42:41 | INFO     | app.main:add_security_headers:43 - GET /api/v1/openapi.json - 200 (0.0464s)
2026-04-28 07:46:02 | INFO     | app.main:add_security_headers:43 - GET /docs - 200 (0.0011s)
2026-04-28 07:46:04 | INFO     | app.main:add_security_headers:43 - GET /api/v1/openapi.json - 200 (0.0351s)
2026-04-28 07:49:36 | DEBUG    | logging:callHandlers:1736 - Using proactor: IocpProactor
2026-04-28 07:49:36 | DEBUG    | logging:callHandlers:1736 - Using proactor: IocpProactor
2026-04-28 07:49:36 | DEBUG    | logging:callHandlers:1736 - Using proactor: IocpProactor
2026-04-28 07:52:08 | DEBUG    | logging:callHandlers:1736 - Using proactor: IocpProactor
2026-04-28 07:52:08 | DEBUG    | logging:callHandlers:1736 - Using proactor: IocpProactor
2026-04-28 07:52:08 | DEBUG    | logging:callHandlers:1736 - Using proactor: IocpProactor
2026-04-28 07:52:09 | DEBUG    | logging:callHandlers:1736 - Using proactor: IocpProactor
2026-04-28 07:52:09 | DEBUG    | logging:callHandlers:1736 - Using proactor: IocpProactor
2026-04-28 07:52:10 | DEBUG    | logging:callHandlers:1736 - Using proactor: IocpProactor
2026-04-28 07:52:10 | DEBUG    | logging:callHandlers:1736 - Using proactor: IocpProactor
2026-04-28 07:52:11 | DEBUG    | logging:callHandlers:1736 - Using proactor: IocpProactor
2026-04-28 07:52:11 | DEBUG    | logging:callHandlers:1736 - Using proactor: IocpProactor
2026-04-28 07:52:12 | DEBUG    | logging:callHandlers:1736 - Using proactor: IocpProactor
2026-04-28 07:52:59 | DEBUG    | logging:callHandlers:1736 - Using proactor: IocpProactor
2026-04-28 07:52:59 | DEBUG    | logging:callHandlers:1736 - Using proactor: IocpProactor
2026-04-28 07:52:59 | DEBUG    | logging:callHandlers:1736 - Using proactor: IocpProactor
2026-04-28 07:53:00 | DEBUG    | logging:callHandlers:1736 - Using proactor: IocpProactor
2026-04-28 07:53:00 | DEBUG    | logging:callHandlers:1736 - Using proactor: IocpProactor
2026-04-28 07:53:01 | DEBUG    | logging:callHandlers:1736 - Using proactor: IocpProactor
2026-04-28 07:53:01 | DEBUG    | logging:callHandlers:1736 - Using proactor: IocpProactor
2026-04-28 07:53:01 | DEBUG    | logging:callHandlers:1736 - Using proactor: IocpProactor
2026-04-28 07:53:01 | DEBUG    | logging:callHandlers:1736 - Using proactor: IocpProactor
2026-04-28 07:53:02 | DEBUG    | logging:callHandlers:1736 - Using proactor: IocpProactor
2026-04-28 07:54:05 | DEBUG    | logging:callHandlers:1736 - Using proactor: IocpProactor
2026-04-28 07:54:05 | DEBUG    | logging:callHandlers:1736 - Using proactor: IocpProactor
2026-04-28 07:54:06 | DEBUG    | logging:callHandlers:1736 - Using proactor: IocpProactor
2026-04-28 07:54:06 | WARNING  | logging:callHandlers:1736 - (trapped) error reading bcrypt version
Traceback (most recent call last):

  File "<frozen runpy>", line 198, in _run_module_as_main
  File "<frozen runpy>", line 88, in _run_code
  File "C:\Users\JonataoCardoso\Documents\GitHub\affiliate-management\.venv\Lib\site-packages\pytest\__main__.py", line 5, in <module>
    raise SystemExit(pytest.console_main())
  File "C:\Users\JonataoCardoso\Documents\GitHub\affiliate-management\.venv\Lib\site-packages\_pytest\config\__init__.py", line 197, in console_main
    code = main()
  File "C:\Users\JonataoCardoso\Documents\GitHub\affiliate-management\.venv\Lib\site-packages\_pytest\config\__init__.py", line 174, in main
    ret: Union[ExitCode, int] = config.hook.pytest_cmdline_main(
  File "C:\Users\JonataoCardoso\Documents\GitHub\affiliate-management\.venv\Lib\site-packages\pluggy\_hooks.py", line 512, in __call__
    return self._hookexec(self.name, self._hookimpls.copy(), kwargs, firstresult)
  File "C:\Users\JonataoCardoso\Documents\GitHub\affiliate-management\.venv\Lib\site-packages\pluggy\_manager.py", line 120, in _hookexec
    return self._inner_hookexec(hook_name, methods, kwargs, firstresult)
  File "C:\Users\JonataoCardoso\Documents\GitHub\affiliate-management\.venv\Lib\site-packages\pluggy\_callers.py", line 121, in _multicall
    res = hook_impl.function(*args)
  File "C:\Users\JonataoCardoso\Documents\GitHub\affiliate-management\.venv\Lib\site-packages\_pytest\main.py", line 319, in pytest_cmdline_main
    return wrap_session(config, _main)
  File "C:\Users\JonataoCardoso\Documents\GitHub\affiliate-management\.venv\Lib\site-packages\_pytest\main.py", line 272, in wrap_session
    session.exitstatus = doit(config, session) or 0
  File "C:\Users\JonataoCardoso\Documents\GitHub\affiliate-management\.venv\Lib\site-packages\_pytest\main.py", line 326, in _main
    config.hook.pytest_runtestloop(session=session)
  File "C:\Users\JonataoCardoso\Documents\GitHub\affiliate-management\.venv\Lib\site-packages\pluggy\_hooks.py", line 512, in __call__
    return self._hookexec(self.name, self._hookimpls.copy(), kwargs, firstresult)
  File "C:\Users\JonataoCardoso\Documents\GitHub\affiliate-management\.venv\Lib\site-packages\pluggy\_manager.py", line 120, in _hookexec
    return self._inner_hookexec(hook_name, methods, kwargs, firstresult)
  File "C:\Users\JonataoCardoso\Documents\GitHub\affiliate-management\.venv\Lib\site-packages\pluggy\_callers.py", line 121, in _multicall
    res = hook_impl.function(*args)
  File "C:\Users\JonataoCardoso\Documents\GitHub\affiliate-management\.venv\Lib\site-packages\_pytest\main.py", line 351, in pytest_runtestloop
    item.config.hook.pytest_runtest_protocol(item=item, nextitem=nextitem)
  File "C:\Users\JonataoCardoso\Documents\GitHub\affiliate-management\.venv\Lib\site-packages\pluggy\_hooks.py", line 512, in __call__
    return self._hookexec(self.name, self._hookimpls.copy(), kwargs, firstresult)
  File "C:\Users\JonataoCardoso\Documents\GitHub\affiliate-management\.venv\Lib\site-packages\pluggy\_manager.py", line 120, in _hookexec
    return self._inner_hookexec(hook_name, methods, kwargs, firstresult)
  File "C:\Users\JonataoCardoso\Documents\GitHub\affiliate-management\.venv\Lib\site-packages\pluggy\_callers.py", line 121, in _multicall
    res = hook_impl.function(*args)
  File "C:\Users\JonataoCardoso\Documents\GitHub\affiliate-management\.venv\Lib\site-packages\_pytest\runner.py", line 114, in pytest_runtest_protocol
    runtestprotocol(item, nextitem=nextitem)
  File "C:\Users\JonataoCardoso\Documents\GitHub\affiliate-management\.venv\Lib\site-packages\_pytest\runner.py", line 133, in runtestprotocol
    reports.append(call_and_report(item, "call", log))
  File "C:\Users\JonataoCardoso\Documents\GitHub\affiliate-management\.venv\Lib\site-packages\_pytest\runner.py", line 226, in call_and_report
    call = call_runtest_hook(item, when, **kwds)
  File "C:\Users\JonataoCardoso\Documents\GitHub\affiliate-management\.venv\Lib\site-packages\_pytest\runner.py", line 265, in call_runtest_hook
    return CallInfo.from_call(
  File "C:\Users\JonataoCardoso\Documents\GitHub\affiliate-management\.venv\Lib\site-packages\_pytest\runner.py", line 345, in from_call
    result: Optional[TResult] = func()
  File "C:\Users\JonataoCardoso\Documents\GitHub\affiliate-management\.venv\Lib\site-packages\_pytest\runner.py", line 266, in <lambda>
    lambda: ihook(item=item, **kwds), when=when, reraise=reraise
  File "C:\Users\JonataoCardoso\Documents\GitHub\affiliate-management\.venv\Lib\site-packages\pluggy\_hooks.py", line 512, in __call__
    return self._hookexec(self.name, self._hookimpls.copy(), kwargs, firstresult)
  File "C:\Users\JonataoCardoso\Documents\GitHub\affiliate-management\.venv\Lib\site-packages\pluggy\_manager.py", line 120, in _hookexec
    return self._inner_hookexec(hook_name, methods, kwargs, firstresult)
  File "C:\Users\JonataoCardoso\Documents\GitHub\affiliate-management\.venv\Lib\site-packages\pluggy\_callers.py", line 121, in _multicall
    res = hook_impl.function(*args)
  File "C:\Users\JonataoCardoso\Documents\GitHub\affiliate-management\.venv\Lib\site-packages\_pytest\runner.py", line 173, in pytest_runtest_call
    item.runtest()
  File "C:\Users\JonataoCardoso\Documents\GitHub\affiliate-management\.venv\Lib\site-packages\pytest_asyncio\plugin.py", line 440, in runtest
    super().runtest()
  File "C:\Users\JonataoCardoso\Documents\GitHub\affiliate-management\.venv\Lib\site-packages\_pytest\python.py", line 1836, in runtest
    self.ihook.pytest_pyfunc_call(pyfuncitem=self)
  File "C:\Users\JonataoCardoso\Documents\GitHub\affiliate-management\.venv\Lib\site-packages\pluggy\_hooks.py", line 512, in __call__
    return self._hookexec(self.name, self._hookimpls.copy(), kwargs, firstresult)
  File "C:\Users\JonataoCardoso\Documents\GitHub\affiliate-management\.venv\Lib\site-packages\pluggy\_manager.py", line 120, in _hookexec
    return self._inner_hookexec(hook_name, methods, kwargs, firstresult)
  File "C:\Users\JonataoCardoso\Documents\GitHub\affiliate-management\.venv\Lib\site-packages\pluggy\_callers.py", line 121, in _multicall
    res = hook_impl.function(*args)
  File "C:\Users\JonataoCardoso\Documents\GitHub\affiliate-management\.venv\Lib\site-packages\_pytest\python.py", line 193, in pytest_pyfunc_call
    result = testfunction(**testargs)
  File "C:\Users\JonataoCardoso\Documents\GitHub\affiliate-management\.venv\Lib\site-packages\pytest_asyncio\plugin.py", line 907, in inner
    _loop.run_until_complete(task)
  File "C:\Python313\Lib\asyncio\base_events.py", line 707, in run_until_complete
    self.run_forever()
  File "C:\Python313\Lib\asyncio\base_events.py", line 678, in run_forever
    self._run_once()
  File "C:\Python313\Lib\asyncio\base_events.py", line 2033, in _run_once
    handle._run()
  File "C:\Python313\Lib\asyncio\events.py", line 89, in _run
    self._context.run(self._callback, *self._args)
  File "C:\Users\JonataoCardoso\Documents\GitHub\affiliate-management\.venv\Lib\site-packages\starlette\middleware\base.py", line 149, in coro
    await self.app(scope, receive_or_disconnect, send_no_error)
  File "C:\Users\JonataoCardoso\Documents\GitHub\affiliate-management\.venv\Lib\site-packages\starlette\middleware\exceptions.py", line 62, in __call__
    await wrap_app_handling_exceptions(self.app, conn)(scope, receive, send)
  File "C:\Users\JonataoCardoso\Documents\GitHub\affiliate-management\.venv\Lib\site-packages\starlette\_exception_handler.py", line 51, in wrapped_app
    await app(scope, receive, sender)
  File "C:\Users\JonataoCardoso\Documents\GitHub\affiliate-management\.venv\Lib\site-packages\starlette\routing.py", line 715, in __call__
    await self.middleware_stack(scope, receive, send)
  File "C:\Users\JonataoCardoso\Documents\GitHub\affiliate-management\.venv\Lib\site-packages\starlette\routing.py", line 735, in app
    await route.handle(scope, receive, send)
  File "C:\Users\JonataoCardoso\Documents\GitHub\affiliate-management\.venv\Lib\site-packages\starlette\routing.py", line 288, in handle
    await self.app(scope, receive, send)
  File "C:\Users\JonataoCardoso\Documents\GitHub\affiliate-management\.venv\Lib\site-packages\starlette\routing.py", line 76, in app
    await wrap_app_handling_exceptions(app, request)(scope, receive, send)
  File "C:\Users\JonataoCardoso\Documents\GitHub\affiliate-management\.venv\Lib\site-packages\starlette\_exception_handler.py", line 51, in wrapped_app
    await app(scope, receive, sender)
  File "C:\Users\JonataoCardoso\Documents\GitHub\affiliate-management\.venv\Lib\site-packages\starlette\routing.py", line 73, in app
    response = await f(request)
  File "C:\Users\JonataoCardoso\Documents\GitHub\affiliate-management\.venv\Lib\site-packages\fastapi\routing.py", line 301, in app
    raw_response = await run_endpoint_function(
  File "C:\Users\JonataoCardoso\Documents\GitHub\affiliate-management\.venv\Lib\site-packages\fastapi\routing.py", line 212, in run_endpoint_function
    return await dependant.call(**values)
  File "C:\Users\JonataoCardoso\Documents\GitHub\affiliate-management\.venv\Lib\site-packages\slowapi\extension.py", line 734, in async_wrapper
    response = await func(*args, **kwargs)  # type: ignore

  File "C:\Users\JonataoCardoso\Documents\GitHub\affiliate-management\app\routers\auth.py", line 30, in register
    affiliate = await affiliate_service.register_affiliate(

  File "C:\Users\JonataoCardoso\Documents\GitHub\affiliate-management\app\services\affiliate_service.py", line 22, in register_affiliate
    password_hash=auth_service.get_password_hash(password),

  File "C:\Users\JonataoCardoso\Documents\GitHub\affiliate-management\app\services\auth_service.py", line 40, in get_password_hash
    return pwd_context.hash(password)

  File "C:\Users\JonataoCardoso\Documents\GitHub\affiliate-management\.venv\Lib\site-packages\passlib\context.py", line 2258, in hash
    return record.hash(secret, **kwds)
  File "C:\Users\JonataoCardoso\Documents\GitHub\affiliate-management\.venv\Lib\site-packages\passlib\utils\handlers.py", line 779, in hash
    self.checksum = self._calc_checksum(secret)
  File "C:\Users\JonataoCardoso\Documents\GitHub\affiliate-management\.venv\Lib\site-packages\passlib\handlers\bcrypt.py", line 591, in _calc_checksum
    self._stub_requires_backend()
  File "C:\Users\JonataoCardoso\Documents\GitHub\affiliate-management\.venv\Lib\site-packages\passlib\utils\handlers.py", line 2254, in _stub_requires_backend
    cls.set_backend()
  File "C:\Users\JonataoCardoso\Documents\GitHub\affiliate-management\.venv\Lib\site-packages\passlib\utils\handlers.py", line 2156, in set_backend
    return owner.set_backend(name, dryrun=dryrun)
  File "C:\Users\JonataoCardoso\Documents\GitHub\affiliate-management\.venv\Lib\site-packages\passlib\utils\handlers.py", line 2163, in set_backend
    return cls.set_backend(name, dryrun=dryrun)
  File "C:\Users\JonataoCardoso\Documents\GitHub\affiliate-management\.venv\Lib\site-packages\passlib\utils\handlers.py", line 2188, in set_backend
    cls._set_backend(name, dryrun)
  File "C:\Users\JonataoCardoso\Documents\GitHub\affiliate-management\.venv\Lib\site-packages\passlib\utils\handlers.py", line 2311, in _set_backend
    super(SubclassBackendMixin, cls)._set_backend(name, dryrun)
  File "C:\Users\JonataoCardoso\Documents\GitHub\affiliate-management\.venv\Lib\site-packages\passlib\utils\handlers.py", line 2224, in _set_backend
    ok = loader(**kwds)
> File "C:\Users\JonataoCardoso\Documents\GitHub\affiliate-management\.venv\Lib\site-packages\passlib\handlers\bcrypt.py", line 620, in _load_backend_mixin
    version = _bcrypt.__about__.__version__

AttributeError: module 'bcrypt' has no attribute '__about__'
2026-04-28 07:54:06 | DEBUG    | logging:callHandlers:1736 - detected 'bcrypt' backend, version '<unknown>'
2026-04-28 07:54:06 | DEBUG    | logging:callHandlers:1736 - 'bcrypt' backend lacks $2$ support, enabling workaround
2026-04-28 07:54:06 | DEBUG    | logging:callHandlers:1736 - Using proactor: IocpProactor
2026-04-28 07:54:06 | DEBUG    | logging:callHandlers:1736 - Using proactor: IocpProactor
2026-04-28 07:54:07 | WARNING  | logging:callHandlers:1736 - (trapped) error reading bcrypt version
Traceback (most recent call last):

  File "<frozen runpy>", line 198, in _run_module_as_main
  File "<frozen runpy>", line 88, in _run_code
  File "C:\Users\JonataoCardoso\Documents\GitHub\affiliate-management\.venv\Lib\site-packages\pytest\__main__.py", line 5, in <module>
    raise SystemExit(pytest.console_main())
  File "C:\Users\JonataoCardoso\Documents\GitHub\affiliate-management\.venv\Lib\site-packages\_pytest\config\__init__.py", line 197, in console_main
    code = main()
  File "C:\Users\JonataoCardoso\Documents\GitHub\affiliate-management\.venv\Lib\site-packages\_pytest\config\__init__.py", line 174, in main
    ret: Union[ExitCode, int] = config.hook.pytest_cmdline_main(
  File "C:\Users\JonataoCardoso\Documents\GitHub\affiliate-management\.venv\Lib\site-packages\pluggy\_hooks.py", line 512, in __call__
    return self._hookexec(self.name, self._hookimpls.copy(), kwargs, firstresult)
  File "C:\Users\JonataoCardoso\Documents\GitHub\affiliate-management\.venv\Lib\site-packages\pluggy\_manager.py", line 120, in _hookexec
    return self._inner_hookexec(hook_name, methods, kwargs, firstresult)
  File "C:\Users\JonataoCardoso\Documents\GitHub\affiliate-management\.venv\Lib\site-packages\pluggy\_callers.py", line 121, in _multicall
    res = hook_impl.function(*args)
  File "C:\Users\JonataoCardoso\Documents\GitHub\affiliate-management\.venv\Lib\site-packages\_pytest\main.py", line 319, in pytest_cmdline_main
    return wrap_session(config, _main)
  File "C:\Users\JonataoCardoso\Documents\GitHub\affiliate-management\.venv\Lib\site-packages\_pytest\main.py", line 272, in wrap_session
    session.exitstatus = doit(config, session) or 0
  File "C:\Users\JonataoCardoso\Documents\GitHub\affiliate-management\.venv\Lib\site-packages\_pytest\main.py", line 326, in _main
    config.hook.pytest_runtestloop(session=session)
  File "C:\Users\JonataoCardoso\Documents\GitHub\affiliate-management\.venv\Lib\site-packages\pluggy\_hooks.py", line 512, in __call__
    return self._hookexec(self.name, self._hookimpls.copy(), kwargs, firstresult)
  File "C:\Users\JonataoCardoso\Documents\GitHub\affiliate-management\.venv\Lib\site-packages\pluggy\_manager.py", line 120, in _hookexec
    return self._inner_hookexec(hook_name, methods, kwargs, firstresult)
  File "C:\Users\JonataoCardoso\Documents\GitHub\affiliate-management\.venv\Lib\site-packages\pluggy\_callers.py", line 121, in _multicall
    res = hook_impl.function(*args)
  File "C:\Users\JonataoCardoso\Documents\GitHub\affiliate-management\.venv\Lib\site-packages\_pytest\main.py", line 351, in pytest_runtestloop
    item.config.hook.pytest_runtest_protocol(item=item, nextitem=nextitem)
  File "C:\Users\JonataoCardoso\Documents\GitHub\affiliate-management\.venv\Lib\site-packages\pluggy\_hooks.py", line 512, in __call__
    return self._hookexec(self.name, self._hookimpls.copy(), kwargs, firstresult)
  File "C:\Users\JonataoCardoso\Documents\GitHub\affiliate-management\.venv\Lib\site-packages\pluggy\_manager.py", line 120, in _hookexec
    return self._inner_hookexec(hook_name, methods, kwargs, firstresult)
  File "C:\Users\JonataoCardoso\Documents\GitHub\affiliate-management\.venv\Lib\site-packages\pluggy\_callers.py", line 121, in _multicall
    res = hook_impl.function(*args)
  File "C:\Users\JonataoCardoso\Documents\GitHub\affiliate-management\.venv\Lib\site-packages\_pytest\runner.py", line 114, in pytest_runtest_protocol
    runtestprotocol(item, nextitem=nextitem)
  File "C:\Users\JonataoCardoso\Documents\GitHub\affiliate-management\.venv\Lib\site-packages\_pytest\runner.py", line 133, in runtestprotocol
    reports.append(call_and_report(item, "call", log))
  File "C:\Users\JonataoCardoso\Documents\GitHub\affiliate-management\.venv\Lib\site-packages\_pytest\runner.py", line 226, in call_and_report
    call = call_runtest_hook(item, when, **kwds)
  File "C:\Users\JonataoCardoso\Documents\GitHub\affiliate-management\.venv\Lib\site-packages\_pytest\runner.py", line 265, in call_runtest_hook
    return CallInfo.from_call(
  File "C:\Users\JonataoCardoso\Documents\GitHub\affiliate-management\.venv\Lib\site-packages\_pytest\runner.py", line 345, in from_call
    result: Optional[TResult] = func()
  File "C:\Users\JonataoCardoso\Documents\GitHub\affiliate-management\.venv\Lib\site-packages\_pytest\runner.py", line 266, in <lambda>
    lambda: ihook(item=item, **kwds), when=when, reraise=reraise
  File "C:\Users\JonataoCardoso\Documents\GitHub\affiliate-management\.venv\Lib\site-packages\pluggy\_hooks.py", line 512, in __call__
    return self._hookexec(self.name, self._hookimpls.copy(), kwargs, firstresult)
  File "C:\Users\JonataoCardoso\Documents\GitHub\affiliate-management\.venv\Lib\site-packages\pluggy\_manager.py", line 120, in _hookexec
    return self._inner_hookexec(hook_name, methods, kwargs, firstresult)
  File "C:\Users\JonataoCardoso\Documents\GitHub\affiliate-management\.venv\Lib\site-packages\pluggy\_callers.py", line 121, in _multicall
    res = hook_impl.function(*args)
  File "C:\Users\JonataoCardoso\Documents\GitHub\affiliate-management\.venv\Lib\site-packages\_pytest\runner.py", line 173, in pytest_runtest_call
    item.runtest()
  File "C:\Users\JonataoCardoso\Documents\GitHub\affiliate-management\.venv\Lib\site-packages\pytest_asyncio\plugin.py", line 440, in runtest
    super().runtest()
  File "C:\Users\JonataoCardoso\Documents\GitHub\affiliate-management\.venv\Lib\site-packages\_pytest\python.py", line 1836, in runtest
    self.ihook.pytest_pyfunc_call(pyfuncitem=self)
  File "C:\Users\JonataoCardoso\Documents\GitHub\affiliate-management\.venv\Lib\site-packages\pluggy\_hooks.py", line 512, in __call__
    return self._hookexec(self.name, self._hookimpls.copy(), kwargs, firstresult)
  File "C:\Users\JonataoCardoso\Documents\GitHub\affiliate-management\.venv\Lib\site-packages\pluggy\_manager.py", line 120, in _hookexec
    return self._inner_hookexec(hook_name, methods, kwargs, firstresult)
  File "C:\Users\JonataoCardoso\Documents\GitHub\affiliate-management\.venv\Lib\site-packages\pluggy\_callers.py", line 121, in _multicall
    res = hook_impl.function(*args)
  File "C:\Users\JonataoCardoso\Documents\GitHub\affiliate-management\.venv\Lib\site-packages\_pytest\python.py", line 193, in pytest_pyfunc_call
    result = testfunction(**testargs)
  File "C:\Users\JonataoCardoso\Documents\GitHub\affiliate-management\.venv\Lib\site-packages\pytest_asyncio\plugin.py", line 907, in inner
    _loop.run_until_complete(task)
  File "C:\Python313\Lib\asyncio\base_events.py", line 707, in run_until_complete
    self.run_forever()
  File "C:\Python313\Lib\asyncio\base_events.py", line 678, in run_forever
    self._run_once()
  File "C:\Python313\Lib\asyncio\base_events.py", line 2033, in _run_once
    handle._run()
  File "C:\Python313\Lib\asyncio\events.py", line 89, in _run
    self._context.run(self._callback, *self._args)
  File "C:\Users\JonataoCardoso\Documents\GitHub\affiliate-management\.venv\Lib\site-packages\starlette\middleware\base.py", line 149, in coro
    await self.app(scope, receive_or_disconnect, send_no_error)
  File "C:\Users\JonataoCardoso\Documents\GitHub\affiliate-management\.venv\Lib\site-packages\starlette\middleware\exceptions.py", line 62, in __call__
    await wrap_app_handling_exceptions(self.app, conn)(scope, receive, send)
  File "C:\Users\JonataoCardoso\Documents\GitHub\affiliate-management\.venv\Lib\site-packages\starlette\_exception_handler.py", line 51, in wrapped_app
    await app(scope, receive, sender)
  File "C:\Users\JonataoCardoso\Documents\GitHub\affiliate-management\.venv\Lib\site-packages\starlette\routing.py", line 715, in __call__
    await self.middleware_stack(scope, receive, send)
  File "C:\Users\JonataoCardoso\Documents\GitHub\affiliate-management\.venv\Lib\site-packages\starlette\routing.py", line 735, in app
    await route.handle(scope, receive, send)
  File "C:\Users\JonataoCardoso\Documents\GitHub\affiliate-management\.venv\Lib\site-packages\starlette\routing.py", line 288, in handle
    await self.app(scope, receive, send)
  File "C:\Users\JonataoCardoso\Documents\GitHub\affiliate-management\.venv\Lib\site-packages\starlette\routing.py", line 76, in app
    await wrap_app_handling_exceptions(app, request)(scope, receive, send)
  File "C:\Users\JonataoCardoso\Documents\GitHub\affiliate-management\.venv\Lib\site-packages\starlette\_exception_handler.py", line 51, in wrapped_app
    await app(scope, receive, sender)
  File "C:\Users\JonataoCardoso\Documents\GitHub\affiliate-management\.venv\Lib\site-packages\starlette\routing.py", line 73, in app
    response = await f(request)
  File "C:\Users\JonataoCardoso\Documents\GitHub\affiliate-management\.venv\Lib\site-packages\fastapi\routing.py", line 301, in app
    raw_response = await run_endpoint_function(
  File "C:\Users\JonataoCardoso\Documents\GitHub\affiliate-management\.venv\Lib\site-packages\fastapi\routing.py", line 212, in run_endpoint_function
    return await dependant.call(**values)
  File "C:\Users\JonataoCardoso\Documents\GitHub\affiliate-management\.venv\Lib\site-packages\slowapi\extension.py", line 734, in async_wrapper
    response = await func(*args, **kwargs)  # type: ignore

  File "C:\Users\JonataoCardoso\Documents\GitHub\affiliate-management\app\routers\auth.py", line 30, in register
    affiliate = await affiliate_service.register_affiliate(

  File "C:\Users\JonataoCardoso\Documents\GitHub\affiliate-management\app\services\affiliate_service.py", line 22, in register_affiliate
    password_hash=auth_service.get_password_hash(password),

  File "C:\Users\JonataoCardoso\Documents\GitHub\affiliate-management\app\services\auth_service.py", line 40, in get_password_hash
    return pwd_context.hash(password)

  File "C:\Users\JonataoCardoso\Documents\GitHub\affiliate-management\.venv\Lib\site-packages\passlib\context.py", line 2258, in hash
    return record.hash(secret, **kwds)
  File "C:\Users\JonataoCardoso\Documents\GitHub\affiliate-management\.venv\Lib\site-packages\passlib\utils\handlers.py", line 779, in hash
    self.checksum = self._calc_checksum(secret)
  File "C:\Users\JonataoCardoso\Documents\GitHub\affiliate-management\.venv\Lib\site-packages\passlib\handlers\bcrypt.py", line 591, in _calc_checksum
    self._stub_requires_backend()
  File "C:\Users\JonataoCardoso\Documents\GitHub\affiliate-management\.venv\Lib\site-packages\passlib\utils\handlers.py", line 2254, in _stub_requires_backend
    cls.set_backend()
  File "C:\Users\JonataoCardoso\Documents\GitHub\affiliate-management\.venv\Lib\site-packages\passlib\utils\handlers.py", line 2156, in set_backend
    return owner.set_backend(name, dryrun=dryrun)
  File "C:\Users\JonataoCardoso\Documents\GitHub\affiliate-management\.venv\Lib\site-packages\passlib\utils\handlers.py", line 2163, in set_backend
    return cls.set_backend(name, dryrun=dryrun)
  File "C:\Users\JonataoCardoso\Documents\GitHub\affiliate-management\.venv\Lib\site-packages\passlib\utils\handlers.py", line 2188, in set_backend
    cls._set_backend(name, dryrun)
  File "C:\Users\JonataoCardoso\Documents\GitHub\affiliate-management\.venv\Lib\site-packages\passlib\utils\handlers.py", line 2311, in _set_backend
    super(SubclassBackendMixin, cls)._set_backend(name, dryrun)
  File "C:\Users\JonataoCardoso\Documents\GitHub\affiliate-management\.venv\Lib\site-packages\passlib\utils\handlers.py", line 2224, in _set_backend
    ok = loader(**kwds)
> File "C:\Users\JonataoCardoso\Documents\GitHub\affiliate-management\.venv\Lib\site-packages\passlib\handlers\bcrypt.py", line 620, in _load_backend_mixin
    version = _bcrypt.__about__.__version__

AttributeError: module 'bcrypt' has no attribute '__about__'
2026-04-28 07:54:07 | DEBUG    | logging:callHandlers:1736 - detected 'bcrypt' backend, version '<unknown>'
2026-04-28 07:54:07 | DEBUG    | logging:callHandlers:1736 - Using proactor: IocpProactor
2026-04-28 07:54:07 | DEBUG    | logging:callHandlers:1736 - Using proactor: IocpProactor
2026-04-28 07:54:07 | INFO     | app.main:add_security_headers:43 - GET /api/v1/public/ranking - 200 (0.1063s)
2026-04-28 07:54:07 | INFO     | logging:callHandlers:1736 - HTTP Request: GET http://test/api/v1/public/ranking "HTTP/1.1 200 OK"
2026-04-28 07:54:07 | DEBUG    | logging:callHandlers:1736 - Using proactor: IocpProactor
2026-04-28 07:54:07 | DEBUG    | logging:callHandlers:1736 - Using proactor: IocpProactor
2026-04-28 07:54:07 | INFO     | app.main:add_security_headers:43 - GET /api/v1/public/services - 200 (0.0617s)
2026-04-28 07:54:07 | INFO     | logging:callHandlers:1736 - HTTP Request: GET http://test/api/v1/public/services "HTTP/1.1 200 OK"
2026-04-28 07:54:07 | DEBUG    | logging:callHandlers:1736 - Using proactor: IocpProactor
2026-04-28 07:55:00 | DEBUG    | logging:callHandlers:1736 - Using proactor: IocpProactor
2026-04-28 07:55:00 | DEBUG    | logging:callHandlers:1736 - Using proactor: IocpProactor
2026-04-28 07:55:01 | DEBUG    | logging:callHandlers:1736 - Using proactor: IocpProactor
2026-04-28 07:55:01 | DEBUG    | logging:callHandlers:1736 - detected 'bcrypt' backend, version '4.0.1'
2026-04-28 07:55:01 | DEBUG    | logging:callHandlers:1736 - 'bcrypt' backend lacks $2$ support, enabling workaround
2026-04-28 07:55:01 | INFO     | app.main:add_security_headers:43 - POST /api/v1/auth/register - 200 (0.4839s)
2026-04-28 07:55:01 | INFO     | logging:callHandlers:1736 - HTTP Request: POST http://test/api/v1/auth/register "HTTP/1.1 200 OK"
2026-04-28 07:55:01 | DEBUG    | logging:callHandlers:1736 - Using proactor: IocpProactor
2026-04-28 07:55:01 | DEBUG    | logging:callHandlers:1736 - Using proactor: IocpProactor
2026-04-28 07:55:01 | INFO     | app.main:add_security_headers:43 - POST /api/v1/auth/register - 200 (0.4133s)
2026-04-28 07:55:01 | INFO     | logging:callHandlers:1736 - HTTP Request: POST http://test/api/v1/auth/register "HTTP/1.1 200 OK"
2026-04-28 07:55:01 | DEBUG    | logging:callHandlers:1736 - Calling on_field_start with no data
2026-04-28 07:55:01 | DEBUG    | logging:callHandlers:1736 - Calling on_field_name with data[0:8]
2026-04-28 07:55:01 | DEBUG    | logging:callHandlers:1736 - Calling on_field_data with data[9:33]
2026-04-28 07:55:01 | DEBUG    | logging:callHandlers:1736 - Calling on_field_end with no data
2026-04-28 07:55:01 | DEBUG    | logging:callHandlers:1736 - Calling on_field_start with no data
2026-04-28 07:55:01 | DEBUG    | logging:callHandlers:1736 - Calling on_field_name with data[34:42]
2026-04-28 07:55:01 | DEBUG    | logging:callHandlers:1736 - Calling on_field_data with data[43:59]
2026-04-28 07:55:01 | DEBUG    | logging:callHandlers:1736 - Calling on_field_end with no data
2026-04-28 07:55:01 | DEBUG    | logging:callHandlers:1736 - Calling on_end with no data
2026-04-28 07:55:02 | INFO     | app.main:add_security_headers:43 - POST /api/v1/auth/login - 403 (0.3996s)
2026-04-28 07:55:02 | INFO     | logging:callHandlers:1736 - HTTP Request: POST http://test/api/v1/auth/login "HTTP/1.1 403 Forbidden"
2026-04-28 07:55:02 | DEBUG    | logging:callHandlers:1736 - Using proactor: IocpProactor
2026-04-28 07:55:02 | DEBUG    | logging:callHandlers:1736 - Using proactor: IocpProactor
2026-04-28 07:55:02 | INFO     | app.main:add_security_headers:43 - GET /api/v1/public/ranking - 200 (0.0057s)
2026-04-28 07:55:02 | INFO     | logging:callHandlers:1736 - HTTP Request: GET http://test/api/v1/public/ranking "HTTP/1.1 200 OK"
2026-04-28 07:55:02 | DEBUG    | logging:callHandlers:1736 - Using proactor: IocpProactor
2026-04-28 07:55:02 | DEBUG    | logging:callHandlers:1736 - Using proactor: IocpProactor
2026-04-28 07:55:02 | INFO     | app.main:add_security_headers:43 - GET /api/v1/public/services - 200 (0.0645s)
2026-04-28 07:55:02 | INFO     | logging:callHandlers:1736 - HTTP Request: GET http://test/api/v1/public/services "HTTP/1.1 200 OK"
2026-04-28 07:55:02 | DEBUG    | logging:callHandlers:1736 - Using proactor: IocpProactor
2026-04-28 07:56:50 | DEBUG    | logging:callHandlers:1736 - Calling on_field_start with no data
2026-04-28 07:56:50 | DEBUG    | logging:callHandlers:1736 - Calling on_field_name with data[0:10]
2026-04-28 07:56:50 | DEBUG    | logging:callHandlers:1736 - Calling on_field_data with data[11:19]
2026-04-28 07:56:50 | DEBUG    | logging:callHandlers:1736 - Calling on_field_end with no data
2026-04-28 07:56:50 | DEBUG    | logging:callHandlers:1736 - Calling on_field_start with no data
2026-04-28 07:56:50 | DEBUG    | logging:callHandlers:1736 - Calling on_field_name with data[20:28]
2026-04-28 07:56:50 | DEBUG    | logging:callHandlers:1736 - Calling on_field_data with data[29:48]
2026-04-28 07:56:50 | DEBUG    | logging:callHandlers:1736 - Calling on_field_end with no data
2026-04-28 07:56:50 | DEBUG    | logging:callHandlers:1736 - Calling on_field_start with no data
2026-04-28 07:56:50 | DEBUG    | logging:callHandlers:1736 - Calling on_field_name with data[49:57]
2026-04-28 07:56:50 | DEBUG    | logging:callHandlers:1736 - Calling on_field_data with data[58:72]
2026-04-28 07:56:50 | DEBUG    | logging:callHandlers:1736 - Calling on_field_end with no data
2026-04-28 07:56:50 | DEBUG    | logging:callHandlers:1736 - Calling on_field_start with no data
2026-04-28 07:56:50 | DEBUG    | logging:callHandlers:1736 - Calling on_field_name with data[73:78]
2026-04-28 07:56:50 | DEBUG    | logging:callHandlers:1736 - Calling on_field_end with no data
2026-04-28 07:56:50 | DEBUG    | logging:callHandlers:1736 - Calling on_field_start with no data
2026-04-28 07:56:50 | DEBUG    | logging:callHandlers:1736 - Calling on_field_name with data[80:89]
2026-04-28 07:56:50 | DEBUG    | logging:callHandlers:1736 - Calling on_field_data with data[90:96]
2026-04-28 07:56:50 | DEBUG    | logging:callHandlers:1736 - Calling on_field_end with no data
2026-04-28 07:56:50 | DEBUG    | logging:callHandlers:1736 - Calling on_field_start with no data
2026-04-28 07:56:50 | DEBUG    | logging:callHandlers:1736 - Calling on_field_name with data[97:110]
2026-04-28 07:56:50 | DEBUG    | logging:callHandlers:1736 - Calling on_field_data with data[111:117]
2026-04-28 07:56:50 | DEBUG    | logging:callHandlers:1736 - Calling on_field_end with no data
2026-04-28 07:56:50 | DEBUG    | logging:callHandlers:1736 - Calling on_end with no data
2026-04-28 07:56:50 | INFO     | app.main:add_security_headers:43 - POST /api/v1/auth/login - 401 (0.1596s)
2026-04-28 07:57:24 | INFO     | app.main:add_security_headers:43 - GET /docs - 200 (0.0005s)
2026-04-28 07:57:24 | INFO     | app.main:add_security_headers:43 - GET /api/v1/openapi.json - 200 (0.0521s)
2026-04-28 07:59:43 | DEBUG    | logging:callHandlers:1736 - Using proactor: IocpProactor
2026-04-28 07:59:43 | DEBUG    | logging:callHandlers:1736 - Using proactor: IocpProactor
2026-04-28 07:59:43 | DEBUG    | logging:callHandlers:1736 - detected 'bcrypt' backend, version '4.0.1'
2026-04-28 07:59:43 | DEBUG    | logging:callHandlers:1736 - 'bcrypt' backend lacks $2$ support, enabling workaround
2026-04-28 07:59:44 | DEBUG    | logging:callHandlers:1736 - Using proactor: IocpProactor
2026-04-28 07:59:44 | INFO     | app.main:add_security_headers:43 - POST /api/v1/auth/register - 200 (0.3014s)
2026-04-28 07:59:44 | INFO     | logging:callHandlers:1736 - HTTP Request: POST http://test/api/v1/auth/register "HTTP/1.1 200 OK"
2026-04-28 07:59:44 | DEBUG    | logging:callHandlers:1736 - Using proactor: IocpProactor
2026-04-28 07:59:44 | DEBUG    | logging:callHandlers:1736 - Using proactor: IocpProactor
2026-04-28 07:59:44 | INFO     | app.main:add_security_headers:43 - POST /api/v1/auth/register - 200 (0.3140s)
2026-04-28 07:59:44 | INFO     | logging:callHandlers:1736 - HTTP Request: POST http://test/api/v1/auth/register "HTTP/1.1 200 OK"
2026-04-28 07:59:44 | DEBUG    | logging:callHandlers:1736 - Calling on_field_start with no data
2026-04-28 07:59:44 | DEBUG    | logging:callHandlers:1736 - Calling on_field_name with data[0:8]
2026-04-28 07:59:44 | DEBUG    | logging:callHandlers:1736 - Calling on_field_data with data[9:33]
2026-04-28 07:59:44 | DEBUG    | logging:callHandlers:1736 - Calling on_field_end with no data
2026-04-28 07:59:44 | DEBUG    | logging:callHandlers:1736 - Calling on_field_start with no data
2026-04-28 07:59:44 | DEBUG    | logging:callHandlers:1736 - Calling on_field_name with data[34:42]
2026-04-28 07:59:44 | DEBUG    | logging:callHandlers:1736 - Calling on_field_data with data[43:59]
2026-04-28 07:59:44 | DEBUG    | logging:callHandlers:1736 - Calling on_field_end with no data
2026-04-28 07:59:44 | DEBUG    | logging:callHandlers:1736 - Calling on_end with no data
2026-04-28 07:59:45 | INFO     | app.main:add_security_headers:43 - POST /api/v1/auth/login - 403 (0.3321s)
2026-04-28 07:59:45 | INFO     | logging:callHandlers:1736 - HTTP Request: POST http://test/api/v1/auth/login "HTTP/1.1 403 Forbidden"
2026-04-28 07:59:45 | DEBUG    | logging:callHandlers:1736 - Using proactor: IocpProactor
2026-04-28 07:59:45 | DEBUG    | logging:callHandlers:1736 - Using proactor: IocpProactor
2026-04-28 07:59:45 | DEBUG    | logging:callHandlers:1736 - Using proactor: IocpProactor
2026-04-28 07:59:45 | DEBUG    | logging:callHandlers:1736 - Using proactor: IocpProactor
2026-04-28 07:59:45 | INFO     | app.main:add_security_headers:43 - GET /api/v1/public/ranking - 200 (0.0869s)
2026-04-28 07:59:45 | INFO     | logging:callHandlers:1736 - HTTP Request: GET http://test/api/v1/public/ranking "HTTP/1.1 200 OK"
2026-04-28 07:59:45 | DEBUG    | logging:callHandlers:1736 - Using proactor: IocpProactor
2026-04-28 07:59:45 | DEBUG    | logging:callHandlers:1736 - Using proactor: IocpProactor
2026-04-28 07:59:45 | INFO     | app.main:add_security_headers:43 - GET /api/v1/public/services - 200 (0.0692s)
2026-04-28 07:59:45 | INFO     | logging:callHandlers:1736 - HTTP Request: GET http://test/api/v1/public/services "HTTP/1.1 200 OK"
2026-04-28 07:59:45 | DEBUG    | logging:callHandlers:1736 - Using proactor: IocpProactor
2026-04-28 08:00:04 | DEBUG    | logging:callHandlers:1736 - Using proactor: IocpProactor
2026-04-28 08:00:04 | DEBUG    | logging:callHandlers:1736 - Using proactor: IocpProactor
2026-04-28 08:00:04 | DEBUG    | logging:callHandlers:1736 - detected 'bcrypt' backend, version '4.0.1'
2026-04-28 08:00:04 | DEBUG    | logging:callHandlers:1736 - 'bcrypt' backend lacks $2$ support, enabling workaround
2026-04-28 08:00:04 | DEBUG    | logging:callHandlers:1736 - Using proactor: IocpProactor
2026-04-28 08:00:05 | INFO     | app.main:add_security_headers:43 - POST /api/v1/auth/register - 200 (0.3294s)
2026-04-28 08:00:05 | INFO     | logging:callHandlers:1736 - HTTP Request: POST http://test/api/v1/auth/register "HTTP/1.1 200 OK"
2026-04-28 08:00:05 | DEBUG    | logging:callHandlers:1736 - Using proactor: IocpProactor
2026-04-28 08:00:05 | DEBUG    | logging:callHandlers:1736 - Using proactor: IocpProactor
2026-04-28 08:00:05 | INFO     | app.main:add_security_headers:43 - POST /api/v1/auth/register - 200 (0.3364s)
2026-04-28 08:00:05 | INFO     | logging:callHandlers:1736 - HTTP Request: POST http://test/api/v1/auth/register "HTTP/1.1 200 OK"
2026-04-28 08:00:05 | DEBUG    | logging:callHandlers:1736 - Calling on_field_start with no data
2026-04-28 08:00:05 | DEBUG    | logging:callHandlers:1736 - Calling on_field_name with data[0:8]
2026-04-28 08:00:05 | DEBUG    | logging:callHandlers:1736 - Calling on_field_data with data[9:33]
2026-04-28 08:00:05 | DEBUG    | logging:callHandlers:1736 - Calling on_field_end with no data
2026-04-28 08:00:05 | DEBUG    | logging:callHandlers:1736 - Calling on_field_start with no data
2026-04-28 08:00:05 | DEBUG    | logging:callHandlers:1736 - Calling on_field_name with data[34:42]
2026-04-28 08:00:05 | DEBUG    | logging:callHandlers:1736 - Calling on_field_data with data[43:59]
2026-04-28 08:00:05 | DEBUG    | logging:callHandlers:1736 - Calling on_field_end with no data
2026-04-28 08:00:05 | DEBUG    | logging:callHandlers:1736 - Calling on_end with no data
2026-04-28 08:00:05 | INFO     | app.main:add_security_headers:43 - POST /api/v1/auth/login - 403 (0.3538s)
2026-04-28 08:00:05 | INFO     | logging:callHandlers:1736 - HTTP Request: POST http://test/api/v1/auth/login "HTTP/1.1 403 Forbidden"
2026-04-28 08:00:05 | DEBUG    | logging:callHandlers:1736 - Using proactor: IocpProactor
2026-04-28 08:00:05 | DEBUG    | logging:callHandlers:1736 - Using proactor: IocpProactor
2026-04-28 08:00:06 | INFO     | app.main:add_security_headers:43 - POST /api/v1/auth/login/json - 200 (0.3038s)
2026-04-28 08:00:06 | INFO     | logging:callHandlers:1736 - HTTP Request: POST http://test/api/v1/auth/login/json "HTTP/1.1 200 OK"
2026-04-28 08:00:06 | DEBUG    | logging:callHandlers:1736 - Using proactor: IocpProactor
2026-04-28 08:00:06 | DEBUG    | logging:callHandlers:1736 - Using proactor: IocpProactor
2026-04-28 08:00:06 | INFO     | app.main:add_security_headers:43 - GET /api/v1/public/ranking - 200 (0.0062s)
2026-04-28 08:00:06 | INFO     | logging:callHandlers:1736 - HTTP Request: GET http://test/api/v1/public/ranking "HTTP/1.1 200 OK"
2026-04-28 08:00:06 | DEBUG    | logging:callHandlers:1736 - Using proactor: IocpProactor
2026-04-28 08:00:06 | DEBUG    | logging:callHandlers:1736 - Using proactor: IocpProactor
2026-04-28 08:00:06 | INFO     | app.main:add_security_headers:43 - GET /api/v1/public/services - 200 (0.0516s)
2026-04-28 08:00:06 | INFO     | logging:callHandlers:1736 - HTTP Request: GET http://test/api/v1/public/services "HTTP/1.1 200 OK"
2026-04-28 08:00:06 | DEBUG    | logging:callHandlers:1736 - Using proactor: IocpProactor
2026-04-28 08:01:22 | INFO     | app.main:add_security_headers:43 - GET /docs - 200 (0.0004s)
2026-04-28 08:01:22 | INFO     | app.main:add_security_headers:43 - GET /api/v1/openapi.json - 200 (0.0288s)
2026-04-28 08:01:49 | DEBUG    | logging:callHandlers:1736 - detected 'bcrypt' backend, version '4.0.1'
2026-04-28 08:01:49 | DEBUG    | logging:callHandlers:1736 - 'bcrypt' backend lacks $2$ support, enabling workaround
2026-04-28 08:01:49 | INFO     | app.main:add_security_headers:43 - POST /api/v1/auth/login/json - 200 (0.3520s)
2026-04-28 08:02:17 | DEBUG    | logging:callHandlers:1736 - Calling on_field_start with no data
2026-04-28 08:02:17 | DEBUG    | logging:callHandlers:1736 - Calling on_field_name with data[0:10]
2026-04-28 08:02:17 | DEBUG    | logging:callHandlers:1736 - Calling on_field_data with data[11:19]
2026-04-28 08:02:17 | DEBUG    | logging:callHandlers:1736 - Calling on_field_end with no data
2026-04-28 08:02:17 | DEBUG    | logging:callHandlers:1736 - Calling on_end with no data
2026-04-28 08:02:17 | INFO     | app.main:add_security_headers:43 - POST /api/v1/auth/login - 422 (0.0022s)
2026-04-28 08:03:02 | DEBUG    | logging:callHandlers:1736 - Calling on_field_start with no data
2026-04-28 08:03:02 | DEBUG    | logging:callHandlers:1736 - Calling on_field_name with data[0:10]
2026-04-28 08:03:02 | DEBUG    | logging:callHandlers:1736 - Calling on_field_data with data[11:19]
2026-04-28 08:03:02 | DEBUG    | logging:callHandlers:1736 - Calling on_field_end with no data
2026-04-28 08:03:02 | DEBUG    | logging:callHandlers:1736 - Calling on_field_start with no data
2026-04-28 08:03:02 | DEBUG    | logging:callHandlers:1736 - Calling on_field_name with data[20:28]
2026-04-28 08:03:02 | DEBUG    | logging:callHandlers:1736 - Calling on_field_data with data[29:48]
2026-04-28 08:03:02 | DEBUG    | logging:callHandlers:1736 - Calling on_field_end with no data
2026-04-28 08:03:02 | DEBUG    | logging:callHandlers:1736 - Calling on_field_start with no data
2026-04-28 08:03:02 | DEBUG    | logging:callHandlers:1736 - Calling on_field_name with data[49:57]
2026-04-28 08:03:02 | DEBUG    | logging:callHandlers:1736 - Calling on_field_data with data[58:72]
2026-04-28 08:03:02 | DEBUG    | logging:callHandlers:1736 - Calling on_field_end with no data
2026-04-28 08:03:02 | DEBUG    | logging:callHandlers:1736 - Calling on_end with no data
2026-04-28 08:03:03 | INFO     | app.main:add_security_headers:43 - POST /api/v1/auth/login - 200 (0.2567s)
2026-04-28 08:03:17 | INFO     | app.main:add_security_headers:43 - GET /api/v1/admin/approvals/pending - 200 (0.0301s)
2026-04-28 08:03:20 | INFO     | app.main:add_security_headers:43 - GET /api/v1/admin/approvals/pending - 200 (0.0070s)
2026-04-28 08:04:06 | INFO     | app.main:add_security_headers:43 - POST /api/v1/auth/register - 200 (0.2800s)
2026-04-28 08:04:27 | INFO     | app.main:add_security_headers:43 - GET /api/v1/admin/approvals/pending - 200 (0.0092s)
2026-04-28 08:05:07 | INFO     | app.main:add_security_headers:43 - POST /api/v1/admin/approvals/3fa85f64-5717-4562-b3fc-2c963f66afa6/approve - 404 (0.0108s)
2026-04-28 08:05:18 | INFO     | app.main:add_security_headers:43 - GET /api/v1/admin/approvals/pending - 200 (0.0089s)
2026-04-28 08:05:21 | INFO     | app.main:add_security_headers:43 - GET /api/v1/admin/approvals/pending - 200 (0.0095s)
2026-04-28 08:05:22 | INFO     | app.main:add_security_headers:43 - GET /api/v1/admin/approvals/pending - 200 (0.0086s)
2026-04-28 08:05:22 | INFO     | app.main:add_security_headers:43 - GET /api/v1/admin/approvals/pending - 200 (0.0089s)
2026-04-28 08:05:50 | INFO     | app.main:add_security_headers:43 - POST /api/v1/admin/approvals/7c5bf2f8-1909-47ed-98ad-9907d2b8bcda/approve - 200 (0.0226s)
2026-04-28 08:08:38 | DEBUG    | logging:callHandlers:1736 - Using proactor: IocpProactor
2026-04-28 08:08:38 | DEBUG    | logging:callHandlers:1736 - Using proactor: IocpProactor
2026-04-28 08:08:39 | DEBUG    | logging:callHandlers:1736 - detected 'bcrypt' backend, version '4.0.1'
2026-04-28 08:08:39 | DEBUG    | logging:callHandlers:1736 - 'bcrypt' backend lacks $2$ support, enabling workaround
2026-04-28 08:08:39 | DEBUG    | logging:callHandlers:1736 - Using proactor: IocpProactor
2026-04-28 08:08:39 | INFO     | app.main:add_security_headers:43 - POST /api/v1/auth/register - 200 (0.3083s)
2026-04-28 08:08:39 | INFO     | logging:callHandlers:1736 - HTTP Request: POST http://test/api/v1/auth/register "HTTP/1.1 200 OK"
2026-04-28 08:08:39 | DEBUG    | logging:callHandlers:1736 - Using proactor: IocpProactor
2026-04-28 08:08:39 | DEBUG    | logging:callHandlers:1736 - Using proactor: IocpProactor
2026-04-28 08:08:40 | INFO     | app.main:add_security_headers:43 - POST /api/v1/auth/register - 200 (0.3085s)
2026-04-28 08:08:40 | INFO     | logging:callHandlers:1736 - HTTP Request: POST http://test/api/v1/auth/register "HTTP/1.1 200 OK"
2026-04-28 08:08:40 | DEBUG    | logging:callHandlers:1736 - Calling on_field_start with no data
2026-04-28 08:08:40 | DEBUG    | logging:callHandlers:1736 - Calling on_field_name with data[0:8]
2026-04-28 08:08:40 | DEBUG    | logging:callHandlers:1736 - Calling on_field_data with data[9:33]
2026-04-28 08:08:40 | DEBUG    | logging:callHandlers:1736 - Calling on_field_end with no data
2026-04-28 08:08:40 | DEBUG    | logging:callHandlers:1736 - Calling on_field_start with no data
2026-04-28 08:08:40 | DEBUG    | logging:callHandlers:1736 - Calling on_field_name with data[34:42]
2026-04-28 08:08:40 | DEBUG    | logging:callHandlers:1736 - Calling on_field_data with data[43:59]
2026-04-28 08:08:40 | DEBUG    | logging:callHandlers:1736 - Calling on_field_end with no data
2026-04-28 08:08:40 | DEBUG    | logging:callHandlers:1736 - Calling on_end with no data
2026-04-28 08:08:40 | INFO     | app.main:add_security_headers:43 - POST /api/v1/auth/login - 403 (0.3583s)
2026-04-28 08:08:40 | INFO     | logging:callHandlers:1736 - HTTP Request: POST http://test/api/v1/auth/login "HTTP/1.1 403 Forbidden"
2026-04-28 08:08:40 | DEBUG    | logging:callHandlers:1736 - Using proactor: IocpProactor
2026-04-28 08:08:40 | DEBUG    | logging:callHandlers:1736 - Using proactor: IocpProactor
2026-04-28 08:08:40 | INFO     | app.main:add_security_headers:43 - POST /api/v1/auth/login/json - 200 (0.3110s)
2026-04-28 08:08:40 | INFO     | logging:callHandlers:1736 - HTTP Request: POST http://test/api/v1/auth/login/json "HTTP/1.1 200 OK"
2026-04-28 08:08:40 | DEBUG    | logging:callHandlers:1736 - Using proactor: IocpProactor
2026-04-28 08:08:40 | DEBUG    | logging:callHandlers:1736 - Using proactor: IocpProactor
2026-04-28 08:08:40 | INFO     | app.main:add_security_headers:43 - GET /api/v1/public/ranking - 200 (0.0741s)
2026-04-28 08:08:40 | INFO     | logging:callHandlers:1736 - HTTP Request: GET http://test/api/v1/public/ranking "HTTP/1.1 200 OK"
2026-04-28 08:08:40 | DEBUG    | logging:callHandlers:1736 - Using proactor: IocpProactor
2026-04-28 08:08:40 | DEBUG    | logging:callHandlers:1736 - Using proactor: IocpProactor
2026-04-28 08:08:40 | INFO     | app.main:add_security_headers:43 - GET /api/v1/public/services - 200 (0.0512s)
2026-04-28 08:08:40 | INFO     | logging:callHandlers:1736 - HTTP Request: GET http://test/api/v1/public/services "HTTP/1.1 200 OK"
2026-04-28 08:08:40 | DEBUG    | logging:callHandlers:1736 - Using proactor: IocpProactor
2026-04-28 08:09:14 | INFO     | app.main:add_security_headers:43 - GET /docs - 200 (0.0003s)
2026-04-28 08:09:14 | INFO     | app.main:add_security_headers:43 - GET /api/v1/openapi.json - 200 (0.0315s)
2026-04-28 08:09:22 | INFO     | app.main:add_security_headers:43 - GET /api/v1/admin/services/ - 401 (0.0025s)
2026-04-28 08:09:40 | DEBUG    | logging:callHandlers:1736 - Calling on_field_start with no data
2026-04-28 08:09:40 | DEBUG    | logging:callHandlers:1736 - Calling on_field_name with data[0:10]
2026-04-28 08:09:40 | DEBUG    | logging:callHandlers:1736 - Calling on_field_data with data[11:19]
2026-04-28 08:09:40 | DEBUG    | logging:callHandlers:1736 - Calling on_field_end with no data
2026-04-28 08:09:40 | DEBUG    | logging:callHandlers:1736 - Calling on_field_start with no data
2026-04-28 08:09:40 | DEBUG    | logging:callHandlers:1736 - Calling on_field_name with data[20:28]
2026-04-28 08:09:40 | DEBUG    | logging:callHandlers:1736 - Calling on_field_data with data[29:48]
2026-04-28 08:09:40 | DEBUG    | logging:callHandlers:1736 - Calling on_field_end with no data
2026-04-28 08:09:40 | DEBUG    | logging:callHandlers:1736 - Calling on_field_start with no data
2026-04-28 08:09:40 | DEBUG    | logging:callHandlers:1736 - Calling on_field_name with data[49:57]
2026-04-28 08:09:40 | DEBUG    | logging:callHandlers:1736 - Calling on_field_data with data[58:72]
2026-04-28 08:09:40 | DEBUG    | logging:callHandlers:1736 - Calling on_field_end with no data
2026-04-28 08:09:40 | DEBUG    | logging:callHandlers:1736 - Calling on_end with no data
2026-04-28 08:09:40 | DEBUG    | logging:callHandlers:1736 - detected 'bcrypt' backend, version '4.0.1'
2026-04-28 08:09:40 | DEBUG    | logging:callHandlers:1736 - 'bcrypt' backend lacks $2$ support, enabling workaround
2026-04-28 08:09:40 | INFO     | app.main:add_security_headers:43 - POST /api/v1/auth/login - 200 (0.3434s)
2026-04-28 08:16:48 | DEBUG    | logging:callHandlers:1736 - Using proactor: IocpProactor
2026-04-28 08:16:48 | DEBUG    | logging:callHandlers:1736 - Using proactor: IocpProactor
2026-04-28 08:16:48 | DEBUG    | logging:callHandlers:1736 - detected 'bcrypt' backend, version '4.0.1'
2026-04-28 08:16:48 | DEBUG    | logging:callHandlers:1736 - 'bcrypt' backend lacks $2$ support, enabling workaround
2026-04-28 08:16:49 | DEBUG    | logging:callHandlers:1736 - Using proactor: IocpProactor
2026-04-28 08:16:49 | INFO     | app.main:add_security_headers:43 - GET /api/v1/public/services - 200 (0.0506s)
2026-04-28 08:16:49 | INFO     | logging:callHandlers:1736 - HTTP Request: GET http://test/api/v1/public/services "HTTP/1.1 200 OK"
2026-04-28 08:16:49 | DEBUG    | logging:callHandlers:1736 - Using proactor: IocpProactor
2026-04-28 08:17:07 | INFO     | app.main:add_security_headers:43 - GET /api/v1/public/services - 200 (0.0806s)
2026-04-28 08:20:18 | INFO     | app.main:add_security_headers:43 - GET /docs - 200 (0.0016s)
2026-04-28 08:20:18 | INFO     | app.main:add_security_headers:43 - GET /api/v1/openapi.json - 200 (0.0338s)
2026-04-28 08:21:08 | INFO     | app.main:add_security_headers:43 - GET /api/v1/public/services - 200 (0.0895s)
2026-04-28 08:21:42 | INFO     | app.main:add_security_headers:43 - GET /api/v1/admin/services/ - 401 (0.0018s)
2026-04-28 08:21:59 | DEBUG    | logging:callHandlers:1736 - Calling on_field_start with no data
2026-04-28 08:21:59 | DEBUG    | logging:callHandlers:1736 - Calling on_field_name with data[0:10]
2026-04-28 08:21:59 | DEBUG    | logging:callHandlers:1736 - Calling on_field_data with data[11:19]
2026-04-28 08:21:59 | DEBUG    | logging:callHandlers:1736 - Calling on_field_end with no data
2026-04-28 08:21:59 | DEBUG    | logging:callHandlers:1736 - Calling on_field_start with no data
2026-04-28 08:21:59 | DEBUG    | logging:callHandlers:1736 - Calling on_field_name with data[20:28]
2026-04-28 08:21:59 | DEBUG    | logging:callHandlers:1736 - Calling on_field_data with data[29:48]
2026-04-28 08:21:59 | DEBUG    | logging:callHandlers:1736 - Calling on_field_end with no data
2026-04-28 08:21:59 | DEBUG    | logging:callHandlers:1736 - Calling on_field_start with no data
2026-04-28 08:21:59 | DEBUG    | logging:callHandlers:1736 - Calling on_field_name with data[49:57]
2026-04-28 08:21:59 | DEBUG    | logging:callHandlers:1736 - Calling on_field_data with data[58:72]
2026-04-28 08:21:59 | DEBUG    | logging:callHandlers:1736 - Calling on_field_end with no data
2026-04-28 08:21:59 | DEBUG    | logging:callHandlers:1736 - Calling on_end with no data
2026-04-28 08:21:59 | DEBUG    | logging:callHandlers:1736 - detected 'bcrypt' backend, version '4.0.1'
2026-04-28 08:21:59 | DEBUG    | logging:callHandlers:1736 - 'bcrypt' backend lacks $2$ support, enabling workaround
2026-04-28 08:21:59 | INFO     | app.main:add_security_headers:43 - POST /api/v1/auth/login - 200 (0.2588s)
2026-04-28 08:22:03 | INFO     | app.main:add_security_headers:43 - GET /api/v1/admin/services/ - 200 (0.0157s)
2026-04-28 08:22:21 | INFO     | app.main:add_security_headers:43 - GET /docs - 200 (0.0003s)
2026-04-28 08:22:21 | INFO     | app.main:add_security_headers:43 - GET /api/v1/openapi.json - 200 (0.0361s)
2026-04-28 08:22:54 | DEBUG    | logging:callHandlers:1736 - Calling on_field_start with no data
2026-04-28 08:22:54 | DEBUG    | logging:callHandlers:1736 - Calling on_field_name with data[0:10]
2026-04-28 08:22:54 | DEBUG    | logging:callHandlers:1736 - Calling on_field_data with data[11:19]
2026-04-28 08:22:54 | DEBUG    | logging:callHandlers:1736 - Calling on_field_end with no data
2026-04-28 08:22:54 | DEBUG    | logging:callHandlers:1736 - Calling on_field_start with no data
2026-04-28 08:22:54 | DEBUG    | logging:callHandlers:1736 - Calling on_field_name with data[20:28]
2026-04-28 08:22:54 | DEBUG    | logging:callHandlers:1736 - Calling on_field_data with data[29:56]
2026-04-28 08:22:54 | DEBUG    | logging:callHandlers:1736 - Calling on_field_end with no data
2026-04-28 08:22:54 | DEBUG    | logging:callHandlers:1736 - Calling on_field_start with no data
2026-04-28 08:22:54 | DEBUG    | logging:callHandlers:1736 - Calling on_field_name with data[57:65]
2026-04-28 08:22:54 | DEBUG    | logging:callHandlers:1736 - Calling on_field_data with data[66:74]
2026-04-28 08:22:54 | DEBUG    | logging:callHandlers:1736 - Calling on_field_end with no data
2026-04-28 08:22:54 | DEBUG    | logging:callHandlers:1736 - Calling on_end with no data
2026-04-28 08:22:54 | INFO     | app.main:add_security_headers:43 - POST /api/v1/auth/login - 200 (0.2402s)
2026-04-28 08:23:05 | INFO     | app.main:add_security_headers:43 - GET /api/v1/public/services - 200 (0.0111s)
2026-04-28 08:23:28 | INFO     | app.main:add_security_headers:43 - GET /api/v1/affiliate/leads/ - 200 (0.0176s)
2026-04-28 08:24:38 | INFO     | app.main:add_security_headers:43 - POST /api/v1/affiliate/leads/ - 200 (0.0393s)
2026-04-28 08:24:46 | INFO     | app.main:add_security_headers:43 - GET /api/v1/affiliate/leads/ - 200 (0.0121s)
2026-04-28 08:25:03 | INFO     | app.main:add_security_headers:43 - GET /api/v1/affiliate/wallet/ - 200 (0.0144s)
2026-04-28 08:25:28 | DEBUG    | logging:callHandlers:1736 - Calling on_field_start with no data
2026-04-28 08:25:28 | DEBUG    | logging:callHandlers:1736 - Calling on_field_name with data[0:10]
2026-04-28 08:25:28 | DEBUG    | logging:callHandlers:1736 - Calling on_field_data with data[11:19]
2026-04-28 08:25:28 | DEBUG    | logging:callHandlers:1736 - Calling on_field_end with no data
2026-04-28 08:25:28 | DEBUG    | logging:callHandlers:1736 - Calling on_field_start with no data
2026-04-28 08:25:28 | DEBUG    | logging:callHandlers:1736 - Calling on_field_name with data[20:28]
2026-04-28 08:25:28 | DEBUG    | logging:callHandlers:1736 - Calling on_field_data with data[29:48]
2026-04-28 08:25:28 | DEBUG    | logging:callHandlers:1736 - Calling on_field_end with no data
2026-04-28 08:25:28 | DEBUG    | logging:callHandlers:1736 - Calling on_field_start with no data
2026-04-28 08:25:28 | DEBUG    | logging:callHandlers:1736 - Calling on_field_name with data[49:57]
2026-04-28 08:25:28 | DEBUG    | logging:callHandlers:1736 - Calling on_field_data with data[58:72]
2026-04-28 08:25:28 | DEBUG    | logging:callHandlers:1736 - Calling on_field_end with no data
2026-04-28 08:25:28 | DEBUG    | logging:callHandlers:1736 - Calling on_end with no data
2026-04-28 08:25:29 | INFO     | app.main:add_security_headers:43 - POST /api/v1/auth/login - 200 (0.2239s)
2026-04-28 08:25:41 | INFO     | app.main:add_security_headers:43 - GET /api/v1/admin/leads/ - 200 (0.0182s)
2026-04-28 08:26:32 | INFO     | app.main:add_security_headers:43 - PATCH /api/v1/admin/leads/7c4902fe-1d1c-4535-b522-40f2b9ca0eb6/status - 200 (0.0357s)
2026-04-28 08:26:51 | INFO     | app.main:add_security_headers:43 - GET /api/v1/admin/commissions/ - 200 (0.0284s)
2026-04-28 08:27:32 | INFO     | app.main:add_security_headers:43 - PATCH /api/v1/admin/leads/7c4902fe-1d1c-4535-b522-40f2b9ca0eb6/status - 200 (0.0177s)
2026-04-28 08:27:43 | INFO     | app.main:add_security_headers:43 - GET /api/v1/admin/commissions/ - 200 (0.0113s)
2026-04-28 08:52:52 | DEBUG    | logging:callHandlers:1736 - Using proactor: IocpProactor
2026-04-28 08:52:52 | DEBUG    | logging:callHandlers:1736 - Using proactor: IocpProactor
2026-04-28 08:52:52 | DEBUG    | logging:callHandlers:1736 - detected 'bcrypt' backend, version '4.0.1'
2026-04-28 08:52:52 | DEBUG    | logging:callHandlers:1736 - 'bcrypt' backend lacks $2$ support, enabling workaround
2026-04-28 08:52:52 | DEBUG    | logging:callHandlers:1736 - Using proactor: IocpProactor
2026-04-28 08:52:52 | INFO     | app.main:add_security_headers:43 - POST /api/v1/auth/register - 200 (0.3120s)
2026-04-28 08:52:52 | INFO     | logging:callHandlers:1736 - HTTP Request: POST http://test/api/v1/auth/register "HTTP/1.1 200 OK"
2026-04-28 08:52:52 | DEBUG    | logging:callHandlers:1736 - Using proactor: IocpProactor
2026-04-28 08:52:52 | DEBUG    | logging:callHandlers:1736 - Using proactor: IocpProactor
2026-04-28 08:52:53 | INFO     | app.main:add_security_headers:43 - POST /api/v1/auth/register - 200 (0.3443s)
2026-04-28 08:52:53 | INFO     | logging:callHandlers:1736 - HTTP Request: POST http://test/api/v1/auth/register "HTTP/1.1 200 OK"
2026-04-28 08:52:53 | DEBUG    | logging:callHandlers:1736 - Calling on_field_start with no data
2026-04-28 08:52:53 | DEBUG    | logging:callHandlers:1736 - Calling on_field_name with data[0:8]
2026-04-28 08:52:53 | DEBUG    | logging:callHandlers:1736 - Calling on_field_data with data[9:33]
2026-04-28 08:52:53 | DEBUG    | logging:callHandlers:1736 - Calling on_field_end with no data
2026-04-28 08:52:53 | DEBUG    | logging:callHandlers:1736 - Calling on_field_start with no data
2026-04-28 08:52:53 | DEBUG    | logging:callHandlers:1736 - Calling on_field_name with data[34:42]
2026-04-28 08:52:53 | DEBUG    | logging:callHandlers:1736 - Calling on_field_data with data[43:59]
2026-04-28 08:52:53 | DEBUG    | logging:callHandlers:1736 - Calling on_field_end with no data
2026-04-28 08:52:53 | DEBUG    | logging:callHandlers:1736 - Calling on_end with no data
2026-04-28 08:52:53 | INFO     | app.main:add_security_headers:43 - POST /api/v1/auth/login - 403 (0.3081s)
2026-04-28 08:52:53 | INFO     | logging:callHandlers:1736 - HTTP Request: POST http://test/api/v1/auth/login "HTTP/1.1 403 Forbidden"
2026-04-28 08:52:53 | DEBUG    | logging:callHandlers:1736 - Using proactor: IocpProactor
2026-04-28 08:52:53 | DEBUG    | logging:callHandlers:1736 - Using proactor: IocpProactor
2026-04-28 08:52:53 | INFO     | app.main:add_security_headers:43 - POST /api/v1/auth/login/json - 200 (0.2930s)
2026-04-28 08:52:53 | INFO     | logging:callHandlers:1736 - HTTP Request: POST http://test/api/v1/auth/login/json "HTTP/1.1 200 OK"
2026-04-28 08:52:53 | DEBUG    | logging:callHandlers:1736 - Using proactor: IocpProactor
2026-04-28 08:52:53 | DEBUG    | logging:callHandlers:1736 - Using proactor: IocpProactor
2026-04-28 08:52:54 | INFO     | app.main:add_security_headers:43 - GET /api/v1/public/ranking - 200 (0.0788s)
2026-04-28 08:52:54 | INFO     | logging:callHandlers:1736 - HTTP Request: GET http://test/api/v1/public/ranking "HTTP/1.1 200 OK"
2026-04-28 08:52:54 | DEBUG    | logging:callHandlers:1736 - Using proactor: IocpProactor
2026-04-28 08:52:54 | DEBUG    | logging:callHandlers:1736 - Using proactor: IocpProactor
2026-04-28 08:52:54 | INFO     | app.main:add_security_headers:43 - GET /api/v1/public/services - 200 (0.0550s)
2026-04-28 08:52:54 | INFO     | logging:callHandlers:1736 - HTTP Request: GET http://test/api/v1/public/services "HTTP/1.1 200 OK"
2026-04-28 08:52:54 | DEBUG    | logging:callHandlers:1736 - Using proactor: IocpProactor
2026-04-28 08:54:40 | DEBUG    | logging:callHandlers:1736 - Using proactor: IocpProactor
2026-04-28 08:54:40 | DEBUG    | logging:callHandlers:1736 - Using proactor: IocpProactor
2026-04-28 08:54:40 | DEBUG    | logging:callHandlers:1736 - detected 'bcrypt' backend, version '4.0.1'
2026-04-28 08:54:40 | DEBUG    | logging:callHandlers:1736 - 'bcrypt' backend lacks $2$ support, enabling workaround
2026-04-28 08:54:40 | DEBUG    | logging:callHandlers:1736 - Using proactor: IocpProactor
2026-04-28 08:54:40 | DEBUG    | logging:callHandlers:1736 - Using proactor: IocpProactor
2026-04-28 08:55:36 | DEBUG    | logging:callHandlers:1736 - Using proactor: IocpProactor
2026-04-28 08:55:36 | DEBUG    | logging:callHandlers:1736 - Using proactor: IocpProactor
2026-04-28 08:55:36 | DEBUG    | logging:callHandlers:1736 - detected 'bcrypt' backend, version '4.0.1'
2026-04-28 08:55:36 | DEBUG    | logging:callHandlers:1736 - 'bcrypt' backend lacks $2$ support, enabling workaround
2026-04-28 08:55:37 | DEBUG    | logging:callHandlers:1736 - Using proactor: IocpProactor
2026-04-28 08:55:37 | INFO     | app.main:add_security_headers:43 - POST /api/v1/auth/login/json - 200 (0.2936s)
2026-04-28 08:55:37 | INFO     | logging:callHandlers:1736 - HTTP Request: POST http://test/api/v1/auth/login/json "HTTP/1.1 200 OK"
2026-04-28 08:55:38 | DEBUG    | logging:callHandlers:1736 - Using proactor: IocpProactor
2026-04-28 09:00:21 | DEBUG    | logging:callHandlers:1736 - Using proactor: IocpProactor
2026-04-28 09:00:21 | DEBUG    | logging:callHandlers:1736 - Using proactor: IocpProactor
2026-04-28 09:00:22 | DEBUG    | logging:callHandlers:1736 - detected 'bcrypt' backend, version '4.0.1'
2026-04-28 09:00:22 | DEBUG    | logging:callHandlers:1736 - 'bcrypt' backend lacks $2$ support, enabling workaround
2026-04-28 09:00:22 | DEBUG    | logging:callHandlers:1736 - Using proactor: IocpProactor
2026-04-28 09:00:22 | INFO     | app.main:add_security_headers:43 - POST /api/v1/auth/login/json - 200 (0.3332s)
2026-04-28 09:00:22 | INFO     | logging:callHandlers:1736 - HTTP Request: POST http://test/api/v1/auth/login/json "HTTP/1.1 200 OK"
2026-04-28 09:00:23 | INFO     | app.main:add_security_headers:43 - PATCH /api/v1/admin/leads/8b809e17-c498-423e-baa7-9dfcb05fb3d2/status - 200 (0.1712s)
2026-04-28 09:00:23 | INFO     | logging:callHandlers:1736 - HTTP Request: PATCH http://test/api/v1/admin/leads/8b809e17-c498-423e-baa7-9dfcb05fb3d2/status "HTTP/1.1 200 OK"
2026-04-28 09:00:23 | INFO     | app.main:add_security_headers:43 - PATCH /api/v1/admin/leads/8b809e17-c498-423e-baa7-9dfcb05fb3d2/status - 200 (0.1743s)
2026-04-28 09:00:23 | INFO     | logging:callHandlers:1736 - HTTP Request: PATCH http://test/api/v1/admin/leads/8b809e17-c498-423e-baa7-9dfcb05fb3d2/status "HTTP/1.1 200 OK"
2026-04-28 09:00:23 | DEBUG    | logging:callHandlers:1736 - Using proactor: IocpProactor
2026-04-28 09:03:01 | DEBUG    | logging:callHandlers:1736 - Using proactor: IocpProactor
2026-04-28 09:03:01 | DEBUG    | logging:callHandlers:1736 - Using proactor: IocpProactor
2026-04-28 09:03:01 | DEBUG    | logging:callHandlers:1736 - detected 'bcrypt' backend, version '4.0.1'
2026-04-28 09:03:01 | DEBUG    | logging:callHandlers:1736 - 'bcrypt' backend lacks $2$ support, enabling workaround
2026-04-28 09:03:01 | DEBUG    | logging:callHandlers:1736 - Using proactor: IocpProactor
2026-04-28 09:03:02 | INFO     | app.main:add_security_headers:43 - POST /api/v1/auth/login/json - 200 (0.3339s)
2026-04-28 09:03:02 | INFO     | logging:callHandlers:1736 - HTTP Request: POST http://test/api/v1/auth/login/json "HTTP/1.1 200 OK"
2026-04-28 09:03:02 | INFO     | app.main:add_security_headers:43 - PATCH /api/v1/admin/leads/627c1564-b6a7-4b15-bb7c-2d39e670a74f/status - 200 (0.1872s)
2026-04-28 09:03:02 | INFO     | logging:callHandlers:1736 - HTTP Request: PATCH http://test/api/v1/admin/leads/627c1564-b6a7-4b15-bb7c-2d39e670a74f/status "HTTP/1.1 200 OK"
2026-04-28 09:03:02 | INFO     | app.main:add_security_headers:43 - PATCH /api/v1/admin/leads/627c1564-b6a7-4b15-bb7c-2d39e670a74f/status - 200 (0.1841s)
2026-04-28 09:03:02 | INFO     | logging:callHandlers:1736 - HTTP Request: PATCH http://test/api/v1/admin/leads/627c1564-b6a7-4b15-bb7c-2d39e670a74f/status "HTTP/1.1 200 OK"
2026-04-28 09:03:02 | DEBUG    | logging:callHandlers:1736 - Using proactor: IocpProactor
2026-04-28 09:03:02 | DEBUG    | logging:callHandlers:1736 - Using proactor: IocpProactor
2026-04-28 09:03:03 | INFO     | app.main:add_security_headers:43 - POST /api/v1/auth/login/json - 200 (0.3240s)
2026-04-28 09:03:03 | INFO     | logging:callHandlers:1736 - HTTP Request: POST http://test/api/v1/auth/login/json "HTTP/1.1 200 OK"
2026-04-28 09:03:03 | DEBUG    | logging:callHandlers:1736 - Using proactor: IocpProactor
2026-04-28 09:03:28 | DEBUG    | logging:callHandlers:1736 - Using proactor: IocpProactor
2026-04-28 09:03:28 | DEBUG    | logging:callHandlers:1736 - Using proactor: IocpProactor
2026-04-28 09:03:28 | DEBUG    | logging:callHandlers:1736 - detected 'bcrypt' backend, version '4.0.1'
2026-04-28 09:03:28 | DEBUG    | logging:callHandlers:1736 - 'bcrypt' backend lacks $2$ support, enabling workaround
2026-04-28 09:03:28 | DEBUG    | logging:callHandlers:1736 - Using proactor: IocpProactor
2026-04-28 09:03:29 | INFO     | app.main:add_security_headers:43 - POST /api/v1/auth/login/json - 200 (0.3103s)
2026-04-28 09:03:29 | INFO     | logging:callHandlers:1736 - HTTP Request: POST http://test/api/v1/auth/login/json "HTTP/1.1 200 OK"
2026-04-28 09:03:29 | INFO     | app.main:add_security_headers:43 - PATCH /api/v1/admin/leads/33f66f52-00dd-4bba-ac9e-a28c33a47263/status - 200 (0.1665s)
2026-04-28 09:03:29 | INFO     | logging:callHandlers:1736 - HTTP Request: PATCH http://test/api/v1/admin/leads/33f66f52-00dd-4bba-ac9e-a28c33a47263/status "HTTP/1.1 200 OK"
2026-04-28 09:03:29 | INFO     | app.main:add_security_headers:43 - PATCH /api/v1/admin/leads/33f66f52-00dd-4bba-ac9e-a28c33a47263/status - 200 (0.1743s)
2026-04-28 09:03:29 | INFO     | logging:callHandlers:1736 - HTTP Request: PATCH http://test/api/v1/admin/leads/33f66f52-00dd-4bba-ac9e-a28c33a47263/status "HTTP/1.1 200 OK"
2026-04-28 09:03:29 | DEBUG    | logging:callHandlers:1736 - Using proactor: IocpProactor
2026-04-28 09:03:29 | DEBUG    | logging:callHandlers:1736 - Using proactor: IocpProactor
2026-04-28 09:03:30 | INFO     | app.main:add_security_headers:43 - POST /api/v1/auth/login/json - 200 (0.3315s)
2026-04-28 09:03:30 | INFO     | logging:callHandlers:1736 - HTTP Request: POST http://test/api/v1/auth/login/json "HTTP/1.1 200 OK"
2026-04-28 09:03:30 | INFO     | app.main:add_security_headers:43 - POST /api/v1/admin/leads/ - 200 (0.2040s)
2026-04-28 09:03:30 | INFO     | logging:callHandlers:1736 - HTTP Request: POST http://test/api/v1/admin/leads/ "HTTP/1.1 200 OK"
2026-04-28 09:03:30 | DEBUG    | logging:callHandlers:1736 - Using proactor: IocpProactor
2026-04-28 09:34:04 | INFO     | app.main:add_security_headers:43 - GET /docs - 200 (0.0005s)
2026-04-28 09:34:05 | INFO     | app.main:add_security_headers:43 - GET /api/v1/openapi.json - 200 (0.0431s)
2026-04-30 13:22:41 | INFO     | app.main:add_security_headers:43 - GET / - 200 (0.0010s)
2026-04-30 13:22:41 | INFO     | app.main:add_security_headers:43 - GET /favicon.ico - 404 (0.0005s)
2026-04-30 13:22:45 | INFO     | app.main:add_security_headers:43 - GET /docs - 200 (0.0003s)
2026-04-30 13:22:45 | INFO     | app.main:add_security_headers:43 - GET /api/v1/openapi.json - 200 (0.0379s)
2026-04-30 15:44:59 | INFO     | app.main:add_security_headers:43 - GET / - 200 (0.0010s)
2026-04-30 15:45:01 | INFO     | app.main:add_security_headers:43 - GET /favicon.ico - 404 (0.0007s)
2026-04-30 15:45:05 | INFO     | app.main:add_security_headers:43 - GET /docs - 200 (0.0004s)
2026-04-30 15:45:06 | INFO     | app.main:add_security_headers:43 - GET /docs - 200 (0.0003s)
2026-04-30 15:45:06 | INFO     | app.main:add_security_headers:43 - GET /api/v1/openapi.json - 200 (0.0555s)
2026-04-30 16:52:50 | INFO     | app.main:add_security_headers:43 - GET /api/v1/auth/me - 401 (0.0118s)
2026-04-30 16:56:36 | INFO     | app.main:add_security_headers:43 - GET /docs - 200 (0.0012s)
2026-04-30 16:56:36 | INFO     | app.main:add_security_headers:43 - GET /.well-known/appspecific/com.chrome.devtools.json - 404 (0.0013s)
2026-04-30 16:56:38 | INFO     | app.main:add_security_headers:43 - GET /api/v1/openapi.json - 200 (0.1725s)
2026-04-30 17:14:19 | DEBUG    | logging:callHandlers:1736 - Calling on_field_start with no data
2026-04-30 17:14:19 | DEBUG    | logging:callHandlers:1736 - Calling on_field_name with data[0:10]
2026-04-30 17:14:19 | DEBUG    | logging:callHandlers:1736 - Calling on_field_data with data[11:19]
2026-04-30 17:14:19 | DEBUG    | logging:callHandlers:1736 - Calling on_field_end with no data
2026-04-30 17:14:19 | DEBUG    | logging:callHandlers:1736 - Calling on_field_start with no data
2026-04-30 17:14:19 | DEBUG    | logging:callHandlers:1736 - Calling on_field_name with data[20:28]
2026-04-30 17:14:19 | DEBUG    | logging:callHandlers:1736 - Calling on_field_data with data[29:48]
2026-04-30 17:14:19 | DEBUG    | logging:callHandlers:1736 - Calling on_field_end with no data
2026-04-30 17:14:19 | DEBUG    | logging:callHandlers:1736 - Calling on_field_start with no data
2026-04-30 17:14:19 | DEBUG    | logging:callHandlers:1736 - Calling on_field_name with data[49:57]
2026-04-30 17:14:19 | DEBUG    | logging:callHandlers:1736 - Calling on_field_data with data[58:72]
2026-04-30 17:14:19 | DEBUG    | logging:callHandlers:1736 - Calling on_field_end with no data
2026-04-30 17:14:19 | DEBUG    | logging:callHandlers:1736 - Calling on_end with no data
2026-04-30 17:14:26 | INFO     | app.main:add_security_headers:43 - GET /docs - 200 (0.0009s)
2026-04-30 17:14:26 | DEBUG    | logging:callHandlers:1736 - Calling on_field_start with no data
2026-04-30 17:14:26 | DEBUG    | logging:callHandlers:1736 - Calling on_field_name with data[0:10]
2026-04-30 17:14:26 | DEBUG    | logging:callHandlers:1736 - Calling on_field_data with data[11:19]
2026-04-30 17:14:26 | DEBUG    | logging:callHandlers:1736 - Calling on_field_end with no data
2026-04-30 17:14:26 | DEBUG    | logging:callHandlers:1736 - Calling on_field_start with no data
2026-04-30 17:14:26 | DEBUG    | logging:callHandlers:1736 - Calling on_field_name with data[20:28]
2026-04-30 17:14:26 | DEBUG    | logging:callHandlers:1736 - Calling on_field_data with data[29:48]
2026-04-30 17:14:26 | DEBUG    | logging:callHandlers:1736 - Calling on_field_end with no data
2026-04-30 17:14:26 | DEBUG    | logging:callHandlers:1736 - Calling on_field_start with no data
2026-04-30 17:14:26 | DEBUG    | logging:callHandlers:1736 - Calling on_field_name with data[49:57]
2026-04-30 17:14:26 | DEBUG    | logging:callHandlers:1736 - Calling on_field_data with data[58:72]
2026-04-30 17:14:26 | DEBUG    | logging:callHandlers:1736 - Calling on_field_end with no data
2026-04-30 17:14:26 | DEBUG    | logging:callHandlers:1736 - Calling on_end with no data
2026-04-30 17:14:30 | INFO     | app.main:add_security_headers:43 - GET /api/v1/openapi.json - 200 (0.1210s)
2026-04-30 17:14:43 | DEBUG    | logging:callHandlers:1736 - Calling on_field_start with no data
2026-04-30 17:14:43 | DEBUG    | logging:callHandlers:1736 - Calling on_field_name with data[0:10]
2026-04-30 17:14:43 | DEBUG    | logging:callHandlers:1736 - Calling on_field_data with data[11:19]
2026-04-30 17:14:43 | DEBUG    | logging:callHandlers:1736 - Calling on_field_end with no data
2026-04-30 17:14:43 | DEBUG    | logging:callHandlers:1736 - Calling on_field_start with no data
2026-04-30 17:14:43 | DEBUG    | logging:callHandlers:1736 - Calling on_field_name with data[20:28]
2026-04-30 17:14:43 | DEBUG    | logging:callHandlers:1736 - Calling on_field_data with data[29:48]
2026-04-30 17:14:43 | DEBUG    | logging:callHandlers:1736 - Calling on_field_end with no data
2026-04-30 17:14:43 | DEBUG    | logging:callHandlers:1736 - Calling on_field_start with no data
2026-04-30 17:14:43 | DEBUG    | logging:callHandlers:1736 - Calling on_field_name with data[49:57]
2026-04-30 17:14:43 | DEBUG    | logging:callHandlers:1736 - Calling on_field_data with data[58:72]
2026-04-30 17:14:43 | DEBUG    | logging:callHandlers:1736 - Calling on_field_end with no data
2026-04-30 17:14:43 | DEBUG    | logging:callHandlers:1736 - Calling on_end with no data
2026-04-30 17:14:47 | DEBUG    | logging:callHandlers:1736 - Calling on_field_start with no data
2026-04-30 17:14:47 | DEBUG    | logging:callHandlers:1736 - Calling on_field_name with data[0:10]
2026-04-30 17:14:47 | DEBUG    | logging:callHandlers:1736 - Calling on_field_data with data[11:19]
2026-04-30 17:14:47 | DEBUG    | logging:callHandlers:1736 - Calling on_field_end with no data
2026-04-30 17:14:47 | DEBUG    | logging:callHandlers:1736 - Calling on_field_start with no data
2026-04-30 17:14:47 | DEBUG    | logging:callHandlers:1736 - Calling on_field_name with data[20:28]
2026-04-30 17:14:47 | DEBUG    | logging:callHandlers:1736 - Calling on_field_data with data[29:48]
2026-04-30 17:14:47 | DEBUG    | logging:callHandlers:1736 - Calling on_field_end with no data
2026-04-30 17:14:47 | DEBUG    | logging:callHandlers:1736 - Calling on_field_start with no data
2026-04-30 17:14:47 | DEBUG    | logging:callHandlers:1736 - Calling on_field_name with data[49:57]
2026-04-30 17:14:47 | DEBUG    | logging:callHandlers:1736 - Calling on_field_data with data[58:72]
2026-04-30 17:14:47 | DEBUG    | logging:callHandlers:1736 - Calling on_field_end with no data
2026-04-30 17:14:47 | DEBUG    | logging:callHandlers:1736 - Calling on_end with no data
2026-04-30 17:14:47 | DEBUG    | logging:callHandlers:1736 - Calling on_field_start with no data
2026-04-30 17:14:47 | DEBUG    | logging:callHandlers:1736 - Calling on_field_name with data[0:10]
2026-04-30 17:14:47 | DEBUG    | logging:callHandlers:1736 - Calling on_field_data with data[11:19]
2026-04-30 17:14:47 | DEBUG    | logging:callHandlers:1736 - Calling on_field_end with no data
2026-04-30 17:14:47 | DEBUG    | logging:callHandlers:1736 - Calling on_field_start with no data
2026-04-30 17:14:47 | DEBUG    | logging:callHandlers:1736 - Calling on_field_name with data[20:28]
2026-04-30 17:14:47 | DEBUG    | logging:callHandlers:1736 - Calling on_field_data with data[29:48]
2026-04-30 17:14:47 | DEBUG    | logging:callHandlers:1736 - Calling on_field_end with no data
2026-04-30 17:14:47 | DEBUG    | logging:callHandlers:1736 - Calling on_field_start with no data
2026-04-30 17:14:47 | DEBUG    | logging:callHandlers:1736 - Calling on_field_name with data[49:57]
2026-04-30 17:14:47 | DEBUG    | logging:callHandlers:1736 - Calling on_field_data with data[58:72]
2026-04-30 17:14:47 | DEBUG    | logging:callHandlers:1736 - Calling on_field_end with no data
2026-04-30 17:14:47 | DEBUG    | logging:callHandlers:1736 - Calling on_end with no data
2026-04-30 17:14:47 | DEBUG    | logging:callHandlers:1736 - Calling on_field_start with no data
2026-04-30 17:14:47 | DEBUG    | logging:callHandlers:1736 - Calling on_field_name with data[0:10]
2026-04-30 17:14:47 | DEBUG    | logging:callHandlers:1736 - Calling on_field_data with data[11:19]
2026-04-30 17:14:47 | DEBUG    | logging:callHandlers:1736 - Calling on_field_end with no data
2026-04-30 17:14:47 | DEBUG    | logging:callHandlers:1736 - Calling on_field_start with no data
2026-04-30 17:14:47 | DEBUG    | logging:callHandlers:1736 - Calling on_field_name with data[20:28]
2026-04-30 17:14:47 | DEBUG    | logging:callHandlers:1736 - Calling on_field_data with data[29:48]
2026-04-30 17:14:47 | DEBUG    | logging:callHandlers:1736 - Calling on_field_end with no data
2026-04-30 17:14:47 | DEBUG    | logging:callHandlers:1736 - Calling on_field_start with no data
2026-04-30 17:14:47 | DEBUG    | logging:callHandlers:1736 - Calling on_field_name with data[49:57]
2026-04-30 17:14:47 | DEBUG    | logging:callHandlers:1736 - Calling on_field_data with data[58:72]
2026-04-30 17:14:47 | DEBUG    | logging:callHandlers:1736 - Calling on_field_end with no data
2026-04-30 17:14:47 | DEBUG    | logging:callHandlers:1736 - Calling on_end with no data
2026-04-30 17:14:47 | DEBUG    | logging:callHandlers:1736 - Calling on_field_start with no data
2026-04-30 17:14:47 | DEBUG    | logging:callHandlers:1736 - Calling on_field_name with data[0:10]
2026-04-30 17:14:47 | DEBUG    | logging:callHandlers:1736 - Calling on_field_data with data[11:19]
2026-04-30 17:14:47 | DEBUG    | logging:callHandlers:1736 - Calling on_field_end with no data
2026-04-30 17:14:47 | DEBUG    | logging:callHandlers:1736 - Calling on_field_start with no data
2026-04-30 17:14:47 | DEBUG    | logging:callHandlers:1736 - Calling on_field_name with data[20:28]
2026-04-30 17:14:47 | DEBUG    | logging:callHandlers:1736 - Calling on_field_data with data[29:48]
2026-04-30 17:14:47 | DEBUG    | logging:callHandlers:1736 - Calling on_field_end with no data
2026-04-30 17:14:47 | DEBUG    | logging:callHandlers:1736 - Calling on_field_start with no data
2026-04-30 17:14:47 | DEBUG    | logging:callHandlers:1736 - Calling on_field_name with data[49:57]
2026-04-30 17:14:47 | DEBUG    | logging:callHandlers:1736 - Calling on_field_data with data[58:72]
2026-04-30 17:14:47 | DEBUG    | logging:callHandlers:1736 - Calling on_field_end with no data
2026-04-30 17:14:47 | DEBUG    | logging:callHandlers:1736 - Calling on_end with no data
2026-04-30 17:14:47 | DEBUG    | logging:callHandlers:1736 - Calling on_field_start with no data
2026-04-30 17:14:47 | DEBUG    | logging:callHandlers:1736 - Calling on_field_name with data[0:10]
2026-04-30 17:14:47 | DEBUG    | logging:callHandlers:1736 - Calling on_field_data with data[11:19]
2026-04-30 17:14:47 | DEBUG    | logging:callHandlers:1736 - Calling on_field_end with no data
2026-04-30 17:14:47 | DEBUG    | logging:callHandlers:1736 - Calling on_field_start with no data
2026-04-30 17:14:47 | DEBUG    | logging:callHandlers:1736 - Calling on_field_name with data[20:28]
2026-04-30 17:14:47 | DEBUG    | logging:callHandlers:1736 - Calling on_field_data with data[29:48]
2026-04-30 17:14:47 | DEBUG    | logging:callHandlers:1736 - Calling on_field_end with no data
2026-04-30 17:14:47 | DEBUG    | logging:callHandlers:1736 - Calling on_field_start with no data
2026-04-30 17:14:47 | DEBUG    | logging:callHandlers:1736 - Calling on_field_name with data[49:57]
2026-04-30 17:14:47 | DEBUG    | logging:callHandlers:1736 - Calling on_field_data with data[58:72]
2026-04-30 17:14:47 | DEBUG    | logging:callHandlers:1736 - Calling on_field_end with no data
2026-04-30 17:14:47 | DEBUG    | logging:callHandlers:1736 - Calling on_end with no data
2026-04-30 17:19:59 | DEBUG    | logging:callHandlers:1736 - Calling on_field_start with no data
2026-04-30 17:19:59 | DEBUG    | logging:callHandlers:1736 - Calling on_field_name with data[0:10]
2026-04-30 17:19:59 | DEBUG    | logging:callHandlers:1736 - Calling on_field_data with data[11:19]
2026-04-30 17:19:59 | DEBUG    | logging:callHandlers:1736 - Calling on_field_end with no data
2026-04-30 17:19:59 | DEBUG    | logging:callHandlers:1736 - Calling on_field_start with no data
2026-04-30 17:19:59 | DEBUG    | logging:callHandlers:1736 - Calling on_field_name with data[20:28]
2026-04-30 17:19:59 | DEBUG    | logging:callHandlers:1736 - Calling on_field_data with data[29:48]
2026-04-30 17:19:59 | DEBUG    | logging:callHandlers:1736 - Calling on_field_end with no data
2026-04-30 17:19:59 | DEBUG    | logging:callHandlers:1736 - Calling on_field_start with no data
2026-04-30 17:19:59 | DEBUG    | logging:callHandlers:1736 - Calling on_field_name with data[49:57]
2026-04-30 17:19:59 | DEBUG    | logging:callHandlers:1736 - Calling on_field_data with data[58:72]
2026-04-30 17:19:59 | DEBUG    | logging:callHandlers:1736 - Calling on_field_end with no data
2026-04-30 17:19:59 | DEBUG    | logging:callHandlers:1736 - Calling on_end with no data
2026-04-30 17:22:33 | DEBUG    | logging:callHandlers:1736 - Calling on_field_start with no data
2026-04-30 17:22:33 | DEBUG    | logging:callHandlers:1736 - Calling on_field_name with data[0:10]
2026-04-30 17:22:33 | DEBUG    | logging:callHandlers:1736 - Calling on_field_data with data[11:19]
2026-04-30 17:22:33 | DEBUG    | logging:callHandlers:1736 - Calling on_field_end with no data
2026-04-30 17:22:33 | DEBUG    | logging:callHandlers:1736 - Calling on_field_start with no data
2026-04-30 17:22:33 | DEBUG    | logging:callHandlers:1736 - Calling on_field_name with data[20:28]
2026-04-30 17:22:33 | DEBUG    | logging:callHandlers:1736 - Calling on_field_data with data[29:48]
2026-04-30 17:22:33 | DEBUG    | logging:callHandlers:1736 - Calling on_field_end with no data
2026-04-30 17:22:33 | DEBUG    | logging:callHandlers:1736 - Calling on_field_start with no data
2026-04-30 17:22:33 | DEBUG    | logging:callHandlers:1736 - Calling on_field_name with data[49:57]
2026-04-30 17:22:33 | DEBUG    | logging:callHandlers:1736 - Calling on_field_data with data[58:72]
2026-04-30 17:22:33 | DEBUG    | logging:callHandlers:1736 - Calling on_field_end with no data
2026-04-30 17:22:33 | DEBUG    | logging:callHandlers:1736 - Calling on_end with no data
2026-04-30 17:27:16 | INFO     | app.main:add_security_headers:43 - GET /docs - 200 (0.0020s)
2026-04-30 17:27:16 | INFO     | app.main:add_security_headers:43 - GET /api/v1/openapi.json - 200 (0.2023s)
2026-04-30 17:29:17 | DEBUG    | logging:callHandlers:1736 - detected 'argon2_cffi' backend, version '23.1.0', with support for 0x13 argon2 hashes
2026-04-30 17:29:17 | INFO     | app.main:add_security_headers:43 - POST /api/v1/auth/login/json - 200 (0.4502s)
2026-04-30 17:38:03 | INFO     | app.main:add_security_headers:43 - POST /api/v1/auth/login/json - 200 (0.2174s)
2026-04-30 17:38:03 | INFO     | app.main:add_security_headers:43 - GET /api/v1/auth/me - 200 (0.0193s)
2026-04-30 17:38:03 | INFO     | app.main:add_security_headers:43 - GET /api/v1/auth/me - 200 (0.0160s)
2026-04-30 17:38:04 | INFO     | app.main:add_security_headers:43 - GET /api/v1/affiliates - 404 (0.0024s)
2026-04-30 17:38:04 | INFO     | app.main:add_security_headers:43 - GET /api/v1/leads - 404 (0.0020s)
2026-04-30 17:38:04 | INFO     | app.main:add_security_headers:43 - GET /api/v1/commissions - 404 (0.0022s)
2026-04-30 17:38:05 | INFO     | app.main:add_security_headers:43 - GET /api/v1/affiliates - 404 (0.0035s)
2026-04-30 17:38:05 | INFO     | app.main:add_security_headers:43 - GET /api/v1/leads - 404 (0.0047s)
2026-04-30 17:38:05 | INFO     | app.main:add_security_headers:43 - GET /api/v1/commissions - 404 (0.0044s)
2026-04-30 17:38:20 | INFO     | app.main:add_security_headers:43 - GET /api/v1/affiliates - 404 (0.0018s)
2026-04-30 17:38:21 | INFO     | app.main:add_security_headers:43 - GET /api/v1/affiliates - 404 (0.0013s)
2026-04-30 17:39:33 | INFO     | app.main:add_security_headers:43 - GET /api/v1/affiliates - 404 (0.0015s)
2026-04-30 17:39:34 | INFO     | app.main:add_security_headers:43 - GET /api/v1/affiliates - 404 (0.0021s)
2026-04-30 17:39:35 | INFO     | app.main:add_security_headers:43 - GET /api/v1/services - 404 (0.0018s)
2026-04-30 17:39:36 | INFO     | app.main:add_security_headers:43 - GET /api/v1/services - 404 (0.0021s)
2026-04-30 17:40:25 | INFO     | app.main:add_security_headers:43 - GET /api/v1/services - 404 (0.0014s)
2026-04-30 17:40:26 | INFO     | app.main:add_security_headers:43 - GET /api/v1/services - 404 (0.0019s)
2026-04-30 17:50:25 | INFO     | app.main:add_security_headers:43 - GET /api/v1/services - 404 (0.0010s)
2026-04-30 17:51:28 | INFO     | app.main:add_security_headers:43 - GET /api/v1/services - 404 (0.0021s)
2026-04-30 17:51:31 | INFO     | app.main:add_security_headers:43 - GET /api/v1/services - 404 (0.0020s)
2026-04-30 17:51:32 | INFO     | app.main:add_security_headers:43 - GET /api/v1/services - 404 (0.0022s)
2026-04-30 17:51:34 | INFO     | app.main:add_security_headers:43 - GET /api/v1/services - 404 (0.0013s)
2026-04-30 17:51:35 | INFO     | app.main:add_security_headers:43 - GET /api/v1/services - 404 (0.0010s)
2026-04-30 17:51:54 | INFO     | app.main:add_security_headers:43 - GET /api/v1/services - 404 (0.0026s)
2026-04-30 17:51:55 | INFO     | app.main:add_security_headers:43 - GET /api/v1/services - 404 (0.0017s)
2026-04-30 17:52:08 | INFO     | app.main:add_security_headers:43 - GET /api/v1/services - 404 (0.0009s)
2026-04-30 17:52:30 | INFO     | app.main:add_security_headers:43 - GET /api/v1/admin/services - 307 (0.0017s)
2026-04-30 17:52:30 | INFO     | app.main:add_security_headers:43 - GET /api/v1/admin/services/ - 401 (0.0186s)
2026-04-30 17:52:32 | INFO     | app.main:add_security_headers:43 - GET /api/v1/admin/services - 307 (0.0016s)
2026-04-30 17:52:32 | INFO     | app.main:add_security_headers:43 - GET /api/v1/admin/services/ - 401 (0.0144s)
2026-04-30 17:52:33 | INFO     | app.main:add_security_headers:43 - GET /api/v1/admin/services - 307 (0.0015s)
2026-04-30 17:52:33 | INFO     | app.main:add_security_headers:43 - GET /api/v1/admin/services/ - 401 (0.0042s)
2026-04-30 17:53:09 | INFO     | app.main:add_security_headers:43 - GET /api/v1/admin/services - 307 (0.0011s)
2026-04-30 17:53:09 | INFO     | app.main:add_security_headers:43 - GET /api/v1/admin/services/ - 401 (0.0033s)
2026-04-30 17:53:10 | INFO     | app.main:add_security_headers:43 - GET /api/v1/admin/services - 307 (0.0014s)
2026-04-30 17:53:10 | INFO     | app.main:add_security_headers:43 - GET /api/v1/admin/services/ - 401 (0.0028s)
2026-04-30 17:54:25 | INFO     | app.main:add_security_headers:43 - GET /api/v1/admin/services - 307 (0.0010s)
2026-04-30 17:54:25 | INFO     | app.main:add_security_headers:43 - GET /api/v1/admin/services/ - 401 (0.0046s)
2026-04-30 17:54:26 | INFO     | app.main:add_security_headers:43 - GET /api/v1/admin/services - 307 (0.0016s)
2026-04-30 17:54:26 | INFO     | app.main:add_security_headers:43 - GET /api/v1/admin/services/ - 401 (0.0038s)
2026-04-30 17:54:46 | INFO     | app.main:add_security_headers:43 - GET /api/v1/admin/services - 307 (0.0012s)
2026-04-30 17:54:46 | INFO     | app.main:add_security_headers:43 - GET /api/v1/admin/services/ - 401 (0.0042s)
2026-04-30 17:55:04 | INFO     | app.main:add_security_headers:43 - GET /api/v1/admin/services/ - 401 (0.0026s)
2026-04-30 17:55:17 | DEBUG    | logging:callHandlers:1736 - Calling on_field_start with no data
2026-04-30 17:55:17 | DEBUG    | logging:callHandlers:1736 - Calling on_field_name with data[0:10]
2026-04-30 17:55:17 | DEBUG    | logging:callHandlers:1736 - Calling on_field_data with data[11:19]
2026-04-30 17:55:17 | DEBUG    | logging:callHandlers:1736 - Calling on_field_end with no data
2026-04-30 17:55:17 | DEBUG    | logging:callHandlers:1736 - Calling on_field_start with no data
2026-04-30 17:55:17 | DEBUG    | logging:callHandlers:1736 - Calling on_field_name with data[20:28]
2026-04-30 17:55:17 | DEBUG    | logging:callHandlers:1736 - Calling on_field_data with data[29:48]
2026-04-30 17:55:17 | DEBUG    | logging:callHandlers:1736 - Calling on_field_end with no data
2026-04-30 17:55:17 | DEBUG    | logging:callHandlers:1736 - Calling on_field_start with no data
2026-04-30 17:55:17 | DEBUG    | logging:callHandlers:1736 - Calling on_field_name with data[49:57]
2026-04-30 17:55:17 | DEBUG    | logging:callHandlers:1736 - Calling on_field_data with data[58:72]
2026-04-30 17:55:17 | DEBUG    | logging:callHandlers:1736 - Calling on_field_end with no data
2026-04-30 17:55:17 | DEBUG    | logging:callHandlers:1736 - Calling on_end with no data
2026-04-30 17:55:17 | INFO     | app.main:add_security_headers:43 - POST /api/v1/auth/login - 200 (0.2229s)
2026-04-30 17:55:20 | INFO     | app.main:add_security_headers:43 - GET /api/v1/admin/services/ - 200 (0.0596s)
2026-04-30 17:55:29 | INFO     | app.main:add_security_headers:43 - GET /api/v1/admin/services - 307 (0.0012s)
2026-04-30 17:55:29 | INFO     | app.main:add_security_headers:43 - GET /api/v1/admin/services/ - 401 (0.0046s)
2026-04-30 17:58:31 | INFO     | app.main:add_security_headers:43 - GET /api/v1/admin/services - 307 (0.0022s)
2026-04-30 17:58:32 | INFO     | app.main:add_security_headers:43 - GET /api/v1/admin/services/ - 401 (0.0098s)
2026-04-30 18:24:34 | DEBUG    | logging:callHandlers:1736 - detected 'argon2_cffi' backend, version '23.1.0', with support for 0x13 argon2 hashes
2026-04-30 18:24:34 | INFO     | app.main:add_security_headers:43 - POST /api/v1/auth/login/json - 200 (0.3167s)
2026-04-30 18:24:34 | INFO     | app.main:add_security_headers:43 - GET /api/v1/auth/me - 200 (0.0131s)
2026-04-30 18:24:35 | INFO     | app.main:add_security_headers:43 - GET /api/v1/auth/me - 200 (0.0071s)
2026-04-30 18:24:35 | INFO     | app.main:add_security_headers:43 - GET /api/v1/admin/dashboard/kpis - 200 (0.0520s)
2026-04-30 18:24:42 | INFO     | app.main:add_security_headers:43 - GET /api/v1/admin/affiliates - 307 (0.0006s)
2026-04-30 18:24:42 | INFO     | app.main:add_security_headers:43 - GET /api/v1/admin/affiliates/ - 401 (0.0019s)
2026-04-30 18:24:43 | INFO     | app.main:add_security_headers:43 - GET /api/v1/admin/affiliates - 307 (0.0010s)
2026-04-30 18:24:43 | INFO     | app.main:add_security_headers:43 - GET /api/v1/admin/affiliates/ - 401 (0.0023s)
2026-04-30 18:24:44 | INFO     | app.main:add_security_headers:43 - GET /api/v1/admin/affiliates - 307 (0.0005s)
2026-04-30 18:24:44 | INFO     | app.main:add_security_headers:43 - GET /api/v1/admin/affiliates/ - 401 (0.0020s)
2026-04-30 18:24:45 | INFO     | app.main:add_security_headers:43 - GET /api/v1/admin/affiliates - 307 (0.0005s)
2026-04-30 18:24:45 | INFO     | app.main:add_security_headers:43 - GET /api/v1/admin/affiliates/ - 401 (0.0014s)
2026-04-30 18:24:49 | INFO     | app.main:add_security_headers:43 - GET /api/v1/admin/leads - 307 (0.0005s)
2026-04-30 18:24:49 | INFO     | app.main:add_security_headers:43 - GET /api/v1/admin/leads/ - 401 (0.0016s)
2026-04-30 18:24:50 | INFO     | app.main:add_security_headers:43 - GET /api/v1/admin/leads - 307 (0.0004s)
2026-04-30 18:24:50 | INFO     | app.main:add_security_headers:43 - GET /api/v1/admin/leads/ - 401 (0.0014s)
2026-04-30 18:24:54 | INFO     | app.main:add_security_headers:43 - GET /api/v1/admin/commissions - 307 (0.0006s)
2026-04-30 18:24:54 | INFO     | app.main:add_security_headers:43 - GET /api/v1/admin/commissions/ - 401 (0.0015s)
2026-04-30 18:24:55 | INFO     | app.main:add_security_headers:43 - GET /api/v1/admin/commissions - 307 (0.0006s)
2026-04-30 18:24:55 | INFO     | app.main:add_security_headers:43 - GET /api/v1/admin/commissions/ - 401 (0.0017s)
2026-04-30 18:24:59 | INFO     | app.main:add_security_headers:43 - GET /api/v1/admin/withdrawals - 307 (0.0006s)
2026-04-30 18:24:59 | INFO     | app.main:add_security_headers:43 - GET /api/v1/admin/withdrawals/ - 401 (0.0017s)
2026-04-30 18:25:00 | INFO     | app.main:add_security_headers:43 - GET /api/v1/admin/withdrawals - 307 (0.0006s)
2026-04-30 18:25:00 | INFO     | app.main:add_security_headers:43 - GET /api/v1/admin/withdrawals/ - 401 (0.0019s)
2026-04-30 18:25:03 | INFO     | app.main:add_security_headers:43 - GET /api/v1/admin/services - 307 (0.0006s)
2026-04-30 18:25:03 | INFO     | app.main:add_security_headers:43 - GET /api/v1/admin/services/ - 401 (0.0014s)
2026-04-30 18:25:04 | INFO     | app.main:add_security_headers:43 - GET /api/v1/admin/services - 307 (0.0004s)
2026-04-30 18:25:04 | INFO     | app.main:add_security_headers:43 - GET /api/v1/admin/services/ - 401 (0.0019s)
2026-04-30 18:27:22 | INFO     | app.main:add_security_headers:43 - GET /api/v1/admin/services - 307 (0.0004s)
2026-04-30 18:27:22 | INFO     | app.main:add_security_headers:43 - GET /api/v1/admin/services/ - 401 (0.0025s)
2026-04-30 18:28:01 | INFO     | app.main:add_security_headers:43 - POST /api/v1/auth/login/json - 200 (0.0722s)
2026-04-30 18:28:01 | INFO     | app.main:add_security_headers:43 - GET /api/v1/auth/me - 200 (0.0083s)
2026-04-30 18:28:02 | INFO     | app.main:add_security_headers:43 - GET /api/v1/auth/me - 200 (0.0080s)
2026-04-30 18:28:02 | INFO     | app.main:add_security_headers:43 - GET /api/v1/admin/dashboard/kpis - 200 (0.0130s)
2026-04-30 18:29:13 | INFO     | app.main:add_security_headers:43 - GET /api/v1/auth/me - 200 (0.0086s)
2026-04-30 18:29:13 | INFO     | app.main:add_security_headers:43 - GET /api/v1/admin/dashboard/kpis - 200 (0.0157s)
2026-04-30 18:29:39 | INFO     | app.main:add_security_headers:43 - GET /api/v1/admin/dashboard/kpis - 200 (0.0163s)
2026-04-30 18:30:22 | INFO     | app.main:add_security_headers:43 - GET /api/v1/admin/dashboard/kpis - 200 (0.0133s)
2026-04-30 18:30:44 | INFO     | app.main:add_security_headers:43 - POST /api/v1/auth/login/json - 200 (0.0663s)
2026-04-30 18:30:44 | INFO     | app.main:add_security_headers:43 - GET /api/v1/auth/me - 200 (0.0068s)
2026-04-30 18:30:48 | INFO     | app.main:add_security_headers:43 - POST /api/v1/auth/login/json - 200 (0.0672s)
2026-04-30 18:30:48 | INFO     | app.main:add_security_headers:43 - GET /api/v1/auth/me - 200 (0.0060s)
2026-04-30 18:31:25 | INFO     | app.main:add_security_headers:43 - POST /api/v1/auth/login/json - 200 (0.0717s)
2026-04-30 18:31:25 | INFO     | app.main:add_security_headers:43 - GET /api/v1/auth/me - 200 (0.0068s)
2026-04-30 18:32:24 | INFO     | app.main:add_security_headers:43 - POST /api/v1/auth/login/json - 200 (0.0659s)
2026-04-30 18:32:24 | INFO     | app.main:add_security_headers:43 - GET /api/v1/auth/me - 200 (0.0100s)
2026-04-30 18:32:24 | INFO     | app.main:add_security_headers:43 - GET /api/v1/auth/me - 200 (0.0062s)
2026-04-30 18:32:24 | INFO     | app.main:add_security_headers:43 - GET /api/v1/admin/dashboard/kpis - 200 (0.0158s)
2026-04-30 18:33:06 | INFO     | app.main:add_security_headers:43 - GET /api/v1/admin/dashboard/kpis - 200 (0.0116s)
2026-04-30 18:33:09 | INFO     | app.main:add_security_headers:43 - GET /api/v1/admin/affiliates - 307 (0.0007s)
2026-04-30 18:33:09 | INFO     | app.main:add_security_headers:43 - GET /api/v1/admin/affiliates/ - 401 (0.0015s)
2026-04-30 18:33:10 | INFO     | app.main:add_security_headers:43 - GET /api/v1/admin/affiliates - 307 (0.0004s)
2026-04-30 18:33:10 | INFO     | app.main:add_security_headers:43 - GET /api/v1/admin/affiliates/ - 401 (0.0014s)
2026-04-30 18:33:29 | INFO     | app.main:add_security_headers:43 - GET /api/v1/admin/affiliates - 307 (0.0005s)
2026-04-30 18:33:29 | INFO     | app.main:add_security_headers:43 - GET /api/v1/admin/affiliates/ - 401 (0.0019s)
2026-04-30 18:33:30 | INFO     | app.main:add_security_headers:43 - GET /api/v1/admin/affiliates - 307 (0.0011s)
2026-04-30 18:33:30 | INFO     | app.main:add_security_headers:43 - GET /api/v1/admin/affiliates/ - 401 (0.0011s)
2026-04-30 18:34:40 | INFO     | app.main:add_security_headers:43 - GET /api/v1/admin/affiliates - 307 (0.0006s)
2026-04-30 18:34:40 | INFO     | app.main:add_security_headers:43 - GET /api/v1/admin/affiliates/ - 401 (0.0017s)
2026-04-30 18:34:41 | INFO     | app.main:add_security_headers:43 - GET /api/v1/admin/affiliates - 307 (0.0005s)
2026-04-30 18:34:41 | INFO     | app.main:add_security_headers:43 - GET /api/v1/admin/affiliates/ - 401 (0.0015s)
2026-04-30 18:35:55 | INFO     | app.main:add_security_headers:43 - GET /api/v1/auth/me - 200 (0.0109s)
2026-04-30 18:35:56 | INFO     | app.main:add_security_headers:43 - GET /api/v1/admin/affiliates - 307 (0.0004s)
2026-04-30 18:35:56 | INFO     | app.main:add_security_headers:43 - GET /api/v1/admin/affiliates/ - 401 (0.0019s)
2026-04-30 18:36:13 | INFO     | app.main:add_security_headers:43 - GET /api/v1/auth/me - 200 (0.0066s)
2026-04-30 18:36:13 | INFO     | app.main:add_security_headers:43 - GET /api/v1/admin/affiliates - 307 (0.0006s)
2026-04-30 18:36:13 | INFO     | app.main:add_security_headers:43 - GET /api/v1/admin/affiliates/ - 401 (0.0015s)
2026-04-30 18:36:17 | INFO     | app.main:add_security_headers:43 - GET /api/v1/admin/affiliates - 307 (0.0006s)
2026-04-30 18:36:17 | INFO     | app.main:add_security_headers:43 - GET /api/v1/admin/affiliates/ - 401 (0.0018s)
2026-04-30 18:36:21 | INFO     | app.main:add_security_headers:43 - GET /api/v1/admin/affiliates - 307 (0.0008s)
2026-04-30 18:36:21 | INFO     | app.main:add_security_headers:43 - GET /api/v1/admin/affiliates/ - 401 (0.0015s)
2026-04-30 18:36:22 | INFO     | app.main:add_security_headers:43 - GET /api/v1/admin/affiliates - 307 (0.0008s)
2026-04-30 18:36:22 | INFO     | app.main:add_security_headers:43 - GET /api/v1/admin/affiliates/ - 401 (0.0025s)
2026-04-30 18:36:27 | INFO     | app.main:add_security_headers:43 - GET /api/v1/admin/affiliates - 307 (0.0012s)
2026-04-30 18:36:27 | INFO     | app.main:add_security_headers:43 - GET /api/v1/admin/affiliates/ - 401 (0.0012s)
2026-04-30 18:36:28 | INFO     | app.main:add_security_headers:43 - GET /api/v1/admin/affiliates - 307 (0.0013s)
2026-04-30 18:36:28 | INFO     | app.main:add_security_headers:43 - GET /api/v1/admin/affiliates/ - 401 (0.0012s)
2026-04-30 18:38:13 | INFO     | app.main:add_security_headers:43 - GET /api/v1/admin/affiliates - 307 (0.0006s)
2026-04-30 18:38:13 | INFO     | app.main:add_security_headers:43 - GET /api/v1/admin/affiliates/ - 401 (0.0020s)
2026-04-30 18:38:14 | INFO     | app.main:add_security_headers:43 - GET /api/v1/admin/affiliates - 307 (0.0006s)
2026-04-30 18:38:14 | INFO     | app.main:add_security_headers:43 - GET /api/v1/admin/affiliates/ - 401 (0.0018s)
2026-04-30 18:38:54 | INFO     | app.main:add_security_headers:43 - GET /api/v1/admin/affiliates - 307 (0.0006s)
2026-04-30 18:38:54 | INFO     | app.main:add_security_headers:43 - GET /api/v1/admin/affiliates/ - 401 (0.0014s)
2026-04-30 18:38:55 | INFO     | app.main:add_security_headers:43 - GET /api/v1/admin/affiliates - 307 (0.0007s)
2026-04-30 18:38:55 | INFO     | app.main:add_security_headers:43 - GET /api/v1/admin/affiliates/ - 401 (0.0027s)
2026-04-30 18:39:06 | INFO     | app.main:add_security_headers:43 - GET /api/v1/auth/me - 200 (0.0075s)
2026-04-30 18:39:07 | INFO     | app.main:add_security_headers:43 - GET /api/v1/admin/dashboard/kpis - 200 (0.0143s)
2026-04-30 18:39:59 | INFO     | app.main:add_security_headers:43 - GET /api/v1/auth/me - 200 (0.0213s)
2026-04-30 18:39:59 | INFO     | app.main:add_security_headers:43 - GET /api/v1/admin/dashboard/kpis - 200 (0.0129s)
2026-04-30 18:40:04 | INFO     | app.main:add_security_headers:43 - GET /api/v1/admin/affiliates - 307 (0.0004s)
2026-04-30 18:40:04 | INFO     | app.main:add_security_headers:43 - GET /api/v1/admin/affiliates/ - 401 (0.0018s)
2026-04-30 18:40:05 | INFO     | app.main:add_security_headers:43 - GET /api/v1/admin/affiliates - 307 (0.0007s)
2026-04-30 18:40:05 | INFO     | app.main:add_security_headers:43 - GET /api/v1/admin/affiliates/ - 401 (0.0016s)
2026-04-30 18:40:35 | INFO     | app.main:add_security_headers:43 - GET /api/v1/admin/affiliates - 307 (0.0004s)
2026-04-30 18:40:35 | INFO     | app.main:add_security_headers:43 - GET /api/v1/admin/affiliates/ - 401 (0.0013s)
2026-04-30 18:40:36 | INFO     | app.main:add_security_headers:43 - GET /api/v1/admin/affiliates - 307 (0.0006s)
2026-04-30 18:40:36 | INFO     | app.main:add_security_headers:43 - GET /api/v1/admin/affiliates/ - 401 (0.0017s)
2026-04-30 18:41:04 | INFO     | app.main:add_security_headers:43 - GET /api/v1/admin/affiliates - 307 (0.0004s)
2026-04-30 18:41:04 | INFO     | app.main:add_security_headers:43 - GET /api/v1/admin/affiliates/ - 401 (0.0015s)
2026-04-30 18:41:36 | INFO     | app.main:add_security_headers:43 - POST /api/v1/auth/login/json - 200 (0.0730s)
2026-04-30 18:41:36 | INFO     | app.main:add_security_headers:43 - GET /api/v1/auth/me - 200 (0.0089s)
2026-04-30 18:41:36 | INFO     | app.main:add_security_headers:43 - GET /api/v1/auth/me - 200 (0.0069s)
2026-04-30 18:41:37 | INFO     | app.main:add_security_headers:43 - GET /api/v1/admin/dashboard/kpis - 200 (0.0135s)
2026-04-30 18:41:40 | INFO     | app.main:add_security_headers:43 - GET /api/v1/admin/leads - 307 (0.0004s)
2026-04-30 18:41:40 | INFO     | app.main:add_security_headers:43 - GET /api/v1/admin/leads/ - 401 (0.0015s)
2026-04-30 18:41:41 | INFO     | app.main:add_security_headers:43 - GET /api/v1/admin/leads - 307 (0.0004s)
2026-04-30 18:41:41 | INFO     | app.main:add_security_headers:43 - GET /api/v1/admin/leads/ - 401 (0.0012s)
2026-04-30 18:44:17 | INFO     | app.main:add_security_headers:43 - GET /api/v1/auth/me - 200 (0.0065s)
2026-04-30 18:44:18 | INFO     | app.main:add_security_headers:43 - GET /api/v1/admin/leads - 307 (0.0008s)
2026-04-30 18:44:18 | INFO     | app.main:add_security_headers:43 - GET /api/v1/admin/leads/ - 401 (0.0021s)
2026-04-30 18:48:11 | INFO     | app.main:add_security_headers:43 - GET /api/v1/auth/me - 200 (0.0106s)
2026-04-30 18:48:15 | INFO     | app.main:add_security_headers:43 - GET /api/v1/admin/leads - 307 (0.0007s)
2026-04-30 18:48:15 | INFO     | app.main:add_security_headers:43 - GET /api/v1/admin/leads/ - 200 (0.1369s)
2026-04-30 18:49:53 | INFO     | app.main:add_security_headers:43 - GET /api/v1/admin/leads - 307 (0.0009s)
2026-04-30 18:49:53 | INFO     | app.main:add_security_headers:43 - GET /api/v1/admin/leads/ - 200 (0.1438s)
2026-04-30 18:49:58 | INFO     | app.main:add_security_headers:43 - GET /docs - 200 (0.0005s)
2026-04-30 18:49:59 | INFO     | app.main:add_security_headers:43 - GET /api/v1/openapi.json - 200 (0.0483s)
2026-04-30 18:50:03 | INFO     | app.main:add_security_headers:43 - GET /api/v1/auth/me - 200 (0.0117s)
2026-04-30 18:50:03 | INFO     | app.main:add_security_headers:43 - GET /api/v1/admin/leads - 307 (0.0006s)
2026-04-30 18:50:04 | INFO     | app.main:add_security_headers:43 - GET /api/v1/admin/leads/ - 200 (0.0142s)
2026-04-30 18:50:08 | INFO     | app.main:add_security_headers:43 - GET /api/v1/admin/services - 307 (0.0005s)
2026-04-30 18:50:08 | INFO     | app.main:add_security_headers:43 - GET /api/v1/admin/services/ - 200 (0.0214s)
2026-04-30 18:51:28 | INFO     | app.main:add_security_headers:43 - GET /api/v1/auth/me - 200 (0.0084s)
2026-04-30 18:51:28 | INFO     | app.main:add_security_headers:43 - GET /api/v1/admin/services - 307 (0.0007s)
2026-04-30 18:51:28 | INFO     | app.main:add_security_headers:43 - GET /api/v1/admin/services/ - 200 (0.0121s)
2026-04-30 18:51:29 | INFO     | app.main:add_security_headers:43 - GET /api/v1/admin/services - 307 (0.0008s)
2026-04-30 18:51:29 | INFO     | app.main:add_security_headers:43 - GET /api/v1/admin/services/ - 200 (0.0082s)
2026-04-30 18:51:34 | INFO     | app.main:add_security_headers:43 - GET /api/v1/admin/services - 307 (0.0003s)
2026-04-30 18:51:34 | INFO     | app.main:add_security_headers:43 - GET /api/v1/admin/services/ - 200 (0.0089s)
2026-04-30 18:51:36 | INFO     | app.main:add_security_headers:43 - GET /api/v1/admin/services - 307 (0.0003s)
2026-04-30 18:51:36 | INFO     | app.main:add_security_headers:43 - GET /api/v1/admin/services/ - 200 (0.0120s)
2026-04-30 18:51:38 | INFO     | app.main:add_security_headers:43 - GET /api/v1/admin/services - 307 (0.0005s)
2026-04-30 18:51:38 | INFO     | app.main:add_security_headers:43 - GET /api/v1/admin/services/ - 200 (0.0089s)
2026-04-30 18:51:45 | INFO     | app.main:add_security_headers:43 - GET /api/v1/admin/services - 307 (0.0007s)
2026-04-30 18:51:45 | INFO     | app.main:add_security_headers:43 - GET /api/v1/admin/services/ - 200 (0.0112s)
2026-04-30 18:51:55 | INFO     | app.main:add_security_headers:43 - GET /api/v1/admin/services - 307 (0.0004s)
2026-04-30 18:51:55 | INFO     | app.main:add_security_headers:43 - GET /api/v1/admin/services/ - 200 (0.0078s)
2026-04-30 18:51:56 | INFO     | app.main:add_security_headers:43 - GET /api/v1/admin/services - 307 (0.0006s)
2026-04-30 18:51:56 | INFO     | app.main:add_security_headers:43 - GET /api/v1/admin/services/ - 200 (0.0092s)
2026-04-30 18:52:07 | INFO     | app.main:add_security_headers:43 - PATCH /api/v1/admin/services/3 - 405 (0.0004s)
2026-04-30 18:56:29 | INFO     | app.main:add_security_headers:43 - GET /api/v1/auth/me - 200 (0.0119s)
2026-04-30 18:56:29 | INFO     | app.main:add_security_headers:43 - GET /api/v1/admin/services - 307 (0.0004s)
2026-04-30 18:56:29 | INFO     | app.main:add_security_headers:43 - GET /api/v1/admin/services/ - 200 (0.0101s)
2026-04-30 18:56:53 | INFO     | app.main:add_security_headers:43 - GET /api/v1/admin/services - 307 (0.0007s)
2026-04-30 18:56:53 | INFO     | app.main:add_security_headers:43 - GET /api/v1/admin/services/ - 401 (0.0014s)
2026-04-30 18:56:54 | INFO     | app.main:add_security_headers:43 - POST /api/v1/auth/refresh - 401 (0.0008s)
2026-04-30 18:56:55 | INFO     | app.main:add_security_headers:43 - GET /api/v1/auth/me - 401 (0.0052s)
2026-04-30 18:56:55 | INFO     | app.main:add_security_headers:43 - POST /api/v1/auth/refresh - 401 (0.0017s)
2026-04-30 18:56:56 | INFO     | app.main:add_security_headers:43 - GET /api/v1/auth/me - 401 (0.0010s)
2026-04-30 18:56:56 | INFO     | app.main:add_security_headers:43 - POST /api/v1/auth/refresh - 401 (0.0007s)
2026-04-30 18:56:56 | INFO     | app.main:add_security_headers:43 - GET /api/v1/auth/me - 401 (0.0013s)
2026-04-30 18:56:56 | INFO     | app.main:add_security_headers:43 - POST /api/v1/auth/refresh - 401 (0.0008s)
2026-04-30 18:56:57 | INFO     | app.main:add_security_headers:43 - GET /api/v1/auth/me - 401 (0.0010s)
2026-04-30 18:56:57 | INFO     | app.main:add_security_headers:43 - POST /api/v1/auth/refresh - 401 (0.0008s)
2026-04-30 18:56:57 | INFO     | app.main:add_security_headers:43 - GET /api/v1/auth/me - 401 (0.0009s)
2026-04-30 18:56:58 | INFO     | app.main:add_security_headers:43 - POST /api/v1/auth/refresh - 401 (0.0007s)
2026-04-30 18:56:58 | INFO     | app.main:add_security_headers:43 - GET /api/v1/auth/me - 401 (0.0009s)
2026-04-30 18:56:58 | INFO     | app.main:add_security_headers:43 - POST /api/v1/auth/refresh - 401 (0.0012s)
2026-04-30 18:56:59 | INFO     | app.main:add_security_headers:43 - GET /api/v1/auth/me - 401 (0.0009s)
2026-04-30 18:56:59 | INFO     | app.main:add_security_headers:43 - POST /api/v1/auth/refresh - 401 (0.0008s)
2026-04-30 18:56:59 | INFO     | app.main:add_security_headers:43 - GET /api/v1/auth/me - 401 (0.0014s)
2026-04-30 18:56:59 | INFO     | app.main:add_security_headers:43 - POST /api/v1/auth/refresh - 401 (0.0009s)
2026-04-30 18:57:00 | INFO     | app.main:add_security_headers:43 - GET /api/v1/auth/me - 401 (0.0011s)
2026-04-30 18:57:00 | INFO     | app.main:add_security_headers:43 - POST /api/v1/auth/refresh - 401 (0.0010s)
2026-04-30 18:57:00 | INFO     | app.main:add_security_headers:43 - GET /api/v1/auth/me - 401 (0.0011s)
2026-04-30 18:57:00 | INFO     | app.main:add_security_headers:43 - POST /api/v1/auth/refresh - 401 (0.0006s)
2026-04-30 18:57:01 | INFO     | app.main:add_security_headers:43 - GET /api/v1/auth/me - 401 (0.0010s)
2026-04-30 18:57:01 | INFO     | app.main:add_security_headers:43 - POST /api/v1/auth/refresh - 401 (0.0012s)
2026-04-30 18:57:01 | INFO     | app.main:add_security_headers:43 - GET /api/v1/auth/me - 401 (0.0009s)
2026-04-30 18:57:01 | INFO     | app.main:add_security_headers:43 - POST /api/v1/auth/refresh - 401 (0.0008s)
2026-04-30 18:57:02 | INFO     | app.main:add_security_headers:43 - GET /api/v1/auth/me - 401 (0.0018s)
2026-04-30 18:57:02 | INFO     | app.main:add_security_headers:43 - POST /api/v1/auth/refresh - 401 (0.0008s)
2026-04-30 18:57:03 | INFO     | app.main:add_security_headers:43 - GET /api/v1/auth/me - 401 (0.0011s)
2026-04-30 18:57:03 | INFO     | app.main:add_security_headers:43 - POST /api/v1/auth/refresh - 401 (0.0007s)
2026-04-30 18:57:03 | INFO     | app.main:add_security_headers:43 - GET /api/v1/auth/me - 401 (0.0030s)
2026-04-30 18:57:03 | INFO     | app.main:add_security_headers:43 - POST /api/v1/auth/refresh - 401 (0.0006s)
2026-04-30 18:57:04 | INFO     | app.main:add_security_headers:43 - GET /api/v1/auth/me - 401 (0.0024s)
2026-04-30 18:57:04 | INFO     | app.main:add_security_headers:43 - POST /api/v1/auth/refresh - 401 (0.0008s)
2026-04-30 18:57:04 | INFO     | app.main:add_security_headers:43 - GET /api/v1/auth/me - 401 (0.0010s)
2026-04-30 18:57:04 | INFO     | app.main:add_security_headers:43 - POST /api/v1/auth/refresh - 401 (0.0006s)
2026-04-30 18:57:05 | INFO     | app.main:add_security_headers:43 - GET /api/v1/auth/me - 401 (0.0009s)
2026-04-30 18:57:05 | INFO     | app.main:add_security_headers:43 - POST /api/v1/auth/refresh - 401 (0.0006s)
2026-04-30 18:57:05 | INFO     | app.main:add_security_headers:43 - GET /api/v1/auth/me - 401 (0.0012s)
2026-04-30 18:57:05 | INFO     | app.main:add_security_headers:43 - POST /api/v1/auth/refresh - 401 (0.0006s)
2026-04-30 18:57:06 | INFO     | app.main:add_security_headers:43 - GET /api/v1/auth/me - 401 (0.0009s)
2026-04-30 18:57:06 | INFO     | app.main:add_security_headers:43 - POST /api/v1/auth/refresh - 401 (0.0009s)
2026-04-30 18:57:06 | INFO     | app.main:add_security_headers:43 - GET /api/v1/auth/me - 401 (0.0011s)
2026-04-30 18:57:06 | INFO     | app.main:add_security_headers:43 - POST /api/v1/auth/refresh - 401 (0.0006s)
2026-04-30 18:57:06 | INFO     | app.main:add_security_headers:43 - GET /api/v1/auth/me - 401 (0.0011s)
2026-04-30 18:57:06 | INFO     | app.main:add_security_headers:43 - POST /api/v1/auth/refresh - 401 (0.0009s)
2026-04-30 18:57:07 | INFO     | app.main:add_security_headers:43 - GET /api/v1/auth/me - 401 (0.0015s)
2026-04-30 18:57:07 | INFO     | app.main:add_security_headers:43 - POST /api/v1/auth/refresh - 401 (0.0007s)
2026-04-30 18:57:07 | INFO     | app.main:add_security_headers:43 - GET /api/v1/auth/me - 401 (0.0035s)
2026-04-30 18:57:07 | INFO     | app.main:add_security_headers:43 - POST /api/v1/auth/refresh - 401 (0.0006s)
2026-04-30 18:57:08 | INFO     | app.main:add_security_headers:43 - GET /api/v1/auth/me - 401 (0.0011s)
2026-04-30 18:57:08 | INFO     | app.main:add_security_headers:43 - POST /api/v1/auth/refresh - 401 (0.0017s)
2026-04-30 18:57:08 | INFO     | app.main:add_security_headers:43 - GET /api/v1/auth/me - 401 (0.0013s)
2026-04-30 18:57:08 | INFO     | app.main:add_security_headers:43 - POST /api/v1/auth/refresh - 401 (0.0010s)
2026-04-30 18:57:09 | INFO     | app.main:add_security_headers:43 - GET /api/v1/auth/me - 401 (0.0010s)
2026-04-30 18:57:09 | INFO     | app.main:add_security_headers:43 - POST /api/v1/auth/refresh - 401 (0.0009s)
2026-04-30 18:57:09 | INFO     | app.main:add_security_headers:43 - GET /api/v1/auth/me - 401 (0.0017s)
2026-04-30 18:57:09 | INFO     | app.main:add_security_headers:43 - POST /api/v1/auth/refresh - 401 (0.0006s)
2026-04-30 18:57:10 | INFO     | app.main:add_security_headers:43 - GET /api/v1/auth/me - 401 (0.0016s)
2026-04-30 18:57:10 | INFO     | app.main:add_security_headers:43 - POST /api/v1/auth/refresh - 401 (0.0011s)
2026-04-30 18:57:10 | INFO     | app.main:add_security_headers:43 - GET /api/v1/auth/me - 401 (0.0008s)
2026-04-30 18:57:10 | INFO     | app.main:add_security_headers:43 - POST /api/v1/auth/refresh - 401 (0.0008s)
2026-04-30 18:57:10 | INFO     | app.main:add_security_headers:43 - GET /api/v1/auth/me - 401 (0.0011s)
2026-04-30 18:57:11 | INFO     | app.main:add_security_headers:43 - POST /api/v1/auth/refresh - 401 (0.0007s)
2026-04-30 18:57:11 | INFO     | app.main:add_security_headers:43 - GET /api/v1/auth/me - 401 (0.0020s)
2026-04-30 18:57:11 | INFO     | app.main:add_security_headers:43 - POST /api/v1/auth/refresh - 401 (0.0007s)
2026-04-30 18:57:11 | INFO     | app.main:add_security_headers:43 - GET /api/v1/auth/me - 401 (0.0010s)
2026-04-30 18:57:11 | INFO     | app.main:add_security_headers:43 - POST /api/v1/auth/refresh - 401 (0.0006s)
2026-04-30 18:57:12 | INFO     | app.main:add_security_headers:43 - GET /api/v1/auth/me - 401 (0.0015s)
2026-04-30 18:57:12 | INFO     | app.main:add_security_headers:43 - POST /api/v1/auth/refresh - 401 (0.0006s)
2026-04-30 18:57:12 | INFO     | app.main:add_security_headers:43 - GET /api/v1/auth/me - 401 (0.0009s)
2026-04-30 18:57:12 | INFO     | app.main:add_security_headers:43 - POST /api/v1/auth/refresh - 401 (0.0008s)
2026-04-30 18:57:13 | INFO     | app.main:add_security_headers:43 - GET /api/v1/auth/me - 401 (0.0010s)
2026-04-30 18:57:13 | INFO     | app.main:add_security_headers:43 - POST /api/v1/auth/refresh - 401 (0.0010s)
2026-04-30 18:57:13 | INFO     | app.main:add_security_headers:43 - GET /api/v1/auth/me - 401 (0.0009s)
2026-04-30 18:57:13 | INFO     | app.main:add_security_headers:43 - POST /api/v1/auth/refresh - 401 (0.0005s)
2026-04-30 18:57:14 | INFO     | app.main:add_security_headers:43 - GET /api/v1/auth/me - 401 (0.0014s)
2026-04-30 18:57:14 | INFO     | app.main:add_security_headers:43 - POST /api/v1/auth/refresh - 401 (0.0007s)
2026-04-30 18:57:14 | INFO     | app.main:add_security_headers:43 - GET /api/v1/auth/me - 401 (0.0011s)
2026-04-30 18:57:14 | INFO     | app.main:add_security_headers:43 - POST /api/v1/auth/refresh - 401 (0.0009s)
2026-04-30 18:57:15 | INFO     | app.main:add_security_headers:43 - GET /api/v1/auth/me - 401 (0.0011s)
2026-04-30 18:57:15 | INFO     | app.main:add_security_headers:43 - POST /api/v1/auth/refresh - 401 (0.0007s)
2026-04-30 18:57:15 | INFO     | app.main:add_security_headers:43 - GET /api/v1/auth/me - 401 (0.0015s)
2026-04-30 18:57:15 | INFO     | app.main:add_security_headers:43 - POST /api/v1/auth/refresh - 401 (0.0008s)
2026-04-30 18:57:15 | INFO     | app.main:add_security_headers:43 - GET /api/v1/auth/me - 401 (0.0010s)
2026-04-30 18:57:15 | INFO     | app.main:add_security_headers:43 - POST /api/v1/auth/refresh - 401 (0.0006s)
2026-04-30 18:57:16 | INFO     | app.main:add_security_headers:43 - GET /api/v1/auth/me - 401 (0.0027s)
2026-04-30 18:57:16 | INFO     | app.main:add_security_headers:43 - POST /api/v1/auth/refresh - 401 (0.0006s)
2026-04-30 18:57:17 | INFO     | app.main:add_security_headers:43 - GET /api/v1/auth/me - 401 (0.0010s)
2026-04-30 18:57:17 | INFO     | app.main:add_security_headers:43 - POST /api/v1/auth/refresh - 401 (0.0008s)
2026-04-30 18:57:17 | INFO     | app.main:add_security_headers:43 - GET /api/v1/auth/me - 401 (0.0010s)
2026-04-30 18:57:17 | INFO     | app.main:add_security_headers:43 - POST /api/v1/auth/refresh - 401 (0.0005s)
2026-04-30 18:57:18 | INFO     | app.main:add_security_headers:43 - GET /api/v1/auth/me - 401 (0.0012s)
2026-04-30 18:57:18 | INFO     | app.main:add_security_headers:43 - POST /api/v1/auth/refresh - 401 (0.0008s)
2026-04-30 18:57:18 | INFO     | app.main:add_security_headers:43 - GET /api/v1/auth/me - 401 (0.0015s)
2026-04-30 18:57:18 | INFO     | app.main:add_security_headers:43 - POST /api/v1/auth/refresh - 401 (0.0007s)
2026-04-30 18:57:19 | INFO     | app.main:add_security_headers:43 - GET /api/v1/auth/me - 401 (0.0014s)
2026-04-30 18:57:19 | INFO     | app.main:add_security_headers:43 - POST /api/v1/auth/refresh - 401 (0.0006s)
2026-04-30 18:57:19 | INFO     | app.main:add_security_headers:43 - GET /api/v1/auth/me - 401 (0.0016s)
2026-04-30 18:57:19 | INFO     | app.main:add_security_headers:43 - POST /api/v1/auth/refresh - 401 (0.0007s)
2026-04-30 18:57:20 | INFO     | app.main:add_security_headers:43 - GET /api/v1/auth/me - 401 (0.0012s)
2026-04-30 18:57:20 | INFO     | app.main:add_security_headers:43 - POST /api/v1/auth/refresh - 401 (0.0007s)
2026-04-30 18:57:21 | INFO     | app.main:add_security_headers:43 - GET /api/v1/auth/me - 401 (0.0015s)
2026-04-30 18:57:21 | INFO     | app.main:add_security_headers:43 - POST /api/v1/auth/refresh - 401 (0.0008s)
2026-04-30 18:57:21 | INFO     | app.main:add_security_headers:43 - GET /api/v1/auth/me - 401 (0.0010s)
2026-04-30 18:57:21 | INFO     | app.main:add_security_headers:43 - POST /api/v1/auth/refresh - 401 (0.0007s)
2026-04-30 18:57:22 | INFO     | app.main:add_security_headers:43 - GET /api/v1/auth/me - 401 (0.0013s)
2026-04-30 18:57:22 | INFO     | app.main:add_security_headers:43 - POST /api/v1/auth/refresh - 401 (0.0006s)
2026-04-30 18:57:22 | INFO     | app.main:add_security_headers:43 - GET /api/v1/auth/me - 401 (0.0015s)
2026-04-30 18:57:22 | INFO     | app.main:add_security_headers:43 - POST /api/v1/auth/refresh - 401 (0.0006s)
2026-04-30 18:57:23 | INFO     | app.main:add_security_headers:43 - GET /api/v1/auth/me - 401 (0.0012s)
2026-04-30 18:57:23 | INFO     | app.main:add_security_headers:43 - POST /api/v1/auth/refresh - 401 (0.0007s)
2026-04-30 18:57:23 | INFO     | app.main:add_security_headers:43 - GET /api/v1/auth/me - 401 (0.0012s)
2026-04-30 18:57:23 | INFO     | app.main:add_security_headers:43 - POST /api/v1/auth/refresh - 401 (0.0008s)
2026-04-30 18:57:24 | INFO     | app.main:add_security_headers:43 - GET /api/v1/auth/me - 401 (0.0013s)
2026-04-30 18:57:24 | INFO     | app.main:add_security_headers:43 - POST /api/v1/auth/refresh - 401 (0.0008s)
2026-04-30 18:57:24 | INFO     | app.main:add_security_headers:43 - GET /api/v1/auth/me - 401 (0.0010s)
2026-04-30 18:57:24 | INFO     | app.main:add_security_headers:43 - POST /api/v1/auth/refresh - 401 (0.0011s)
2026-04-30 18:57:25 | INFO     | app.main:add_security_headers:43 - GET /api/v1/auth/me - 401 (0.0010s)
2026-04-30 18:57:25 | INFO     | app.main:add_security_headers:43 - POST /api/v1/auth/refresh - 401 (0.0006s)
2026-04-30 18:57:26 | INFO     | app.main:add_security_headers:43 - GET /api/v1/auth/me - 401 (0.0013s)
2026-04-30 18:57:26 | INFO     | app.main:add_security_headers:43 - POST /api/v1/auth/refresh - 401 (0.0007s)
2026-04-30 18:57:40 | INFO     | app.main:add_security_headers:43 - GET /api/v1/auth/me - 401 (0.0015s)
2026-04-30 18:57:40 | INFO     | app.main:add_security_headers:43 - POST /api/v1/auth/refresh - 401 (0.0006s)
2026-04-30 18:57:41 | INFO     | app.main:add_security_headers:43 - GET /api/v1/auth/me - 401 (0.0010s)
2026-04-30 18:57:41 | INFO     | app.main:add_security_headers:43 - POST /api/v1/auth/refresh - 401 (0.0007s)
2026-04-30 18:57:41 | INFO     | app.main:add_security_headers:43 - GET /api/v1/auth/me - 401 (0.0010s)
2026-04-30 18:57:41 | INFO     | app.main:add_security_headers:43 - POST /api/v1/auth/refresh - 401 (0.0009s)
2026-04-30 18:57:42 | INFO     | app.main:add_security_headers:43 - GET /api/v1/auth/me - 401 (0.0012s)
2026-04-30 18:57:42 | INFO     | app.main:add_security_headers:43 - POST /api/v1/auth/refresh - 401 (0.0009s)
2026-04-30 18:57:42 | INFO     | app.main:add_security_headers:43 - GET /api/v1/auth/me - 401 (0.0011s)
2026-04-30 18:57:42 | INFO     | app.main:add_security_headers:43 - POST /api/v1/auth/refresh - 401 (0.0010s)
2026-04-30 18:57:43 | INFO     | app.main:add_security_headers:43 - GET /api/v1/auth/me - 401 (0.0010s)
2026-04-30 18:57:43 | INFO     | app.main:add_security_headers:43 - POST /api/v1/auth/refresh - 401 (0.0005s)
2026-04-30 18:57:43 | INFO     | app.main:add_security_headers:43 - GET /api/v1/auth/me - 401 (0.0010s)
2026-04-30 18:57:43 | INFO     | app.main:add_security_headers:43 - POST /api/v1/auth/refresh - 401 (0.0012s)
2026-04-30 18:57:44 | INFO     | app.main:add_security_headers:43 - GET /api/v1/auth/me - 401 (0.0011s)
2026-04-30 18:57:44 | INFO     | app.main:add_security_headers:43 - POST /api/v1/auth/refresh - 401 (0.0006s)
2026-04-30 18:57:44 | INFO     | app.main:add_security_headers:43 - GET /api/v1/auth/me - 401 (0.0009s)
2026-04-30 18:57:44 | INFO     | app.main:add_security_headers:43 - POST /api/v1/auth/refresh - 401 (0.0008s)
2026-04-30 18:57:45 | INFO     | app.main:add_security_headers:43 - GET /api/v1/auth/me - 401 (0.0011s)
2026-04-30 18:57:45 | INFO     | app.main:add_security_headers:43 - POST /api/v1/auth/refresh - 401 (0.0016s)
2026-04-30 18:57:45 | INFO     | app.main:add_security_headers:43 - GET /api/v1/auth/me - 401 (0.0012s)
2026-04-30 18:57:45 | INFO     | app.main:add_security_headers:43 - POST /api/v1/auth/refresh - 401 (0.0013s)
2026-04-30 18:57:46 | INFO     | app.main:add_security_headers:43 - GET /api/v1/auth/me - 401 (0.0014s)
2026-04-30 18:57:46 | INFO     | app.main:add_security_headers:43 - POST /api/v1/auth/refresh - 401 (0.0006s)
2026-04-30 19:10:42 | DEBUG    | logging:callHandlers:1736 - detected 'argon2_cffi' backend, version '23.1.0', with support for 0x13 argon2 hashes
2026-04-30 19:10:42 | INFO     | app.main:add_security_headers:43 - POST /api/v1/auth/login/json - 200 (0.0913s)
2026-04-30 19:10:42 | INFO     | app.main:add_security_headers:43 - GET /api/v1/auth/me - 200 (0.0106s)
2026-04-30 19:10:43 | INFO     | app.main:add_security_headers:43 - GET /api/v1/auth/me - 200 (0.0079s)
2026-04-30 19:10:43 | INFO     | app.main:add_security_headers:43 - GET /api/v1/admin/dashboard/kpis - 200 (0.0473s)
2026-04-30 19:10:45 | INFO     | app.main:add_security_headers:43 - GET /api/v1/admin/affiliates - 307 (0.0008s)
2026-04-30 19:10:45 | INFO     | app.main:add_security_headers:43 - GET /api/v1/admin/affiliates/ - 200 (0.0149s)
2026-04-30 19:10:47 | INFO     | app.main:add_security_headers:43 - GET /api/v1/admin/leads - 307 (0.0011s)
2026-04-30 19:10:47 | INFO     | app.main:add_security_headers:43 - GET /api/v1/admin/leads/ - 200 (0.0111s)
2026-04-30 19:10:51 | INFO     | app.main:add_security_headers:43 - GET /api/v1/admin/commissions - 307 (0.0006s)
2026-04-30 19:10:51 | INFO     | app.main:add_security_headers:43 - GET /api/v1/admin/commissions/ - 200 (0.0144s)
2026-04-30 19:10:53 | INFO     | app.main:add_security_headers:43 - GET /api/v1/admin/withdrawals - 307 (0.0004s)
2026-04-30 19:10:53 | INFO     | app.main:add_security_headers:43 - GET /api/v1/admin/withdrawals/ - 200 (0.0336s)
2026-04-30 19:10:54 | INFO     | app.main:add_security_headers:43 - GET /api/v1/admin/services - 307 (0.0004s)
2026-04-30 19:10:54 | INFO     | app.main:add_security_headers:43 - GET /api/v1/admin/services/ - 200 (0.0094s)
2026-04-30 19:13:07 | INFO     | app.main:add_security_headers:43 - GET /api/v1/admin/services - 307 (0.0019s)
2026-04-30 19:13:07 | INFO     | app.main:add_security_headers:43 - GET /api/v1/admin/services/ - 200 (0.0221s)
2026-04-30 19:24:18 | INFO     | app.main:add_security_headers:43 - GET /api/v1/admin/services - 307 (0.0016s)
2026-04-30 19:24:18 | INFO     | app.main:add_security_headers:43 - GET /api/v1/admin/services/ - 200 (0.0396s)
2026-04-30 19:24:25 | INFO     | app.main:add_security_headers:43 - GET /api/v1/admin/services - 307 (0.0016s)
2026-04-30 19:24:25 | INFO     | app.main:add_security_headers:43 - GET /api/v1/admin/services/ - 200 (0.0253s)
2026-04-30 19:24:37 | INFO     | app.main:add_security_headers:43 - GET /api/v1/admin/affiliates - 307 (0.0009s)
2026-04-30 19:24:37 | INFO     | app.main:add_security_headers:43 - GET /api/v1/admin/affiliates/ - 200 (0.0320s)
2026-04-30 19:24:41 | INFO     | app.main:add_security_headers:43 - GET /api/v1/admin/leads - 307 (0.0012s)
2026-04-30 19:24:41 | INFO     | app.main:add_security_headers:43 - GET /api/v1/admin/leads/ - 200 (0.0268s)
2026-04-30 19:24:51 | INFO     | app.main:add_security_headers:43 - GET /api/v1/admin/dashboard/kpis - 200 (0.0305s)
2026-05-08 07:09:39 | DEBUG    | logging:callHandlers:1736 - detected 'argon2_cffi' backend, version '23.1.0', with support for 0x13 argon2 hashes
2026-05-08 07:09:39 | INFO     | app.main:add_security_headers:43 - POST /api/v1/auth/login/json - 200 (0.6785s)
2026-05-08 07:09:39 | INFO     | app.main:add_security_headers:43 - GET /api/v1/auth/me - 200 (0.0194s)
2026-05-08 07:09:40 | INFO     | app.main:add_security_headers:43 - GET /api/v1/auth/me - 200 (0.0140s)
2026-05-08 07:10:28 | INFO     | app.main:add_security_headers:43 - GET /api/v1/auth/me - 200 (0.0158s)
2026-05-08 07:11:19 | INFO     | app.main:add_security_headers:43 - POST /api/v1/auth/login/json - 200 (0.1962s)
2026-05-08 07:11:19 | INFO     | app.main:add_security_headers:43 - GET /api/v1/auth/me - 200 (0.0156s)
2026-05-08 07:11:20 | INFO     | app.main:add_security_headers:43 - GET /api/v1/auth/me - 200 (0.0216s)
2026-05-08 07:12:31 | INFO     | app.main:add_security_headers:43 - GET / - 200 (0.0018s)
2026-05-08 07:12:33 | INFO     | app.main:add_security_headers:43 - GET /favicon.ico - 404 (0.0019s)
2026-05-08 07:12:34 | INFO     | app.main:add_security_headers:43 - GET /docs - 200 (0.0006s)
2026-05-08 07:12:36 | INFO     | app.main:add_security_headers:43 - GET /api/v1/openapi.json - 200 (0.1707s)
2026-05-08 07:12:53 | INFO     | app.main:add_security_headers:43 - POST /api/v1/auth/refresh - 401 (0.0019s)
2026-05-08 07:13:22 | DEBUG    | logging:callHandlers:1736 - Calling on_field_start with no data
2026-05-08 07:13:22 | DEBUG    | logging:callHandlers:1736 - Calling on_field_name with data[0:10]
2026-05-08 07:13:22 | DEBUG    | logging:callHandlers:1736 - Calling on_field_data with data[11:19]
2026-05-08 07:13:22 | DEBUG    | logging:callHandlers:1736 - Calling on_field_end with no data
2026-05-08 07:13:22 | DEBUG    | logging:callHandlers:1736 - Calling on_field_start with no data
2026-05-08 07:13:22 | DEBUG    | logging:callHandlers:1736 - Calling on_field_name with data[20:28]
2026-05-08 07:13:22 | DEBUG    | logging:callHandlers:1736 - Calling on_field_data with data[29:48]
2026-05-08 07:13:22 | DEBUG    | logging:callHandlers:1736 - Calling on_field_end with no data
2026-05-08 07:13:22 | DEBUG    | logging:callHandlers:1736 - Calling on_field_start with no data
2026-05-08 07:13:22 | DEBUG    | logging:callHandlers:1736 - Calling on_field_name with data[49:57]
2026-05-08 07:13:22 | DEBUG    | logging:callHandlers:1736 - Calling on_field_data with data[58:72]
2026-05-08 07:13:22 | DEBUG    | logging:callHandlers:1736 - Calling on_field_end with no data
2026-05-08 07:13:22 | DEBUG    | logging:callHandlers:1736 - Calling on_end with no data
2026-05-08 07:13:22 | INFO     | app.main:add_security_headers:43 - POST /api/v1/auth/login - 200 (0.2115s)
2026-05-08 07:13:25 | INFO     | app.main:add_security_headers:43 - POST /api/v1/auth/refresh - 200 (0.0418s)
2026-05-08 07:23:10 | INFO     | app.main:add_security_headers:43 - GET /api/v1/auth/me - 200 (0.0229s)
2026-05-08 07:24:29 | INFO     | app.main:add_security_headers:43 - GET /api/v1/auth/me - 200 (0.0141s)
2026-05-08 07:24:29 | INFO     | app.main:add_security_headers:43 - GET /api/v1/admin/dashboard/kpis - 200 (0.1391s)
2026-05-08 07:24:59 | INFO     | app.main:add_security_headers:43 - POST /api/v1/auth/login/json - 200 (0.2202s)
2026-05-08 07:24:59 | INFO     | app.main:add_security_headers:43 - GET /api/v1/auth/me - 200 (0.0154s)
2026-05-08 07:25:12 | INFO     | app.main:add_security_headers:43 - GET /api/v1/auth/me - 200 (0.0148s)
2026-05-08 07:25:12 | INFO     | app.main:add_security_headers:43 - GET /api/v1/admin/dashboard/kpis - 200 (0.0326s)
2026-05-08 07:25:23 | INFO     | app.main:add_security_headers:43 - GET /api/v1/admin/affiliates - 307 (0.0016s)
2026-05-08 07:25:23 | INFO     | app.main:add_security_headers:43 - GET /api/v1/admin/affiliates/ - 200 (0.0487s)
2026-05-08 07:25:29 | INFO     | app.main:add_security_headers:43 - GET /api/v1/admin/leads - 307 (0.0011s)
2026-05-08 07:25:29 | INFO     | app.main:add_security_headers:43 - GET /api/v1/admin/leads/ - 200 (0.0638s)
2026-05-08 07:26:00 | INFO     | app.main:add_security_headers:43 - GET /api/v1/admin/leads - 307 (0.0014s)
2026-05-08 07:26:00 | INFO     | app.main:add_security_headers:43 - GET /api/v1/admin/leads/ - 200 (0.0253s)
2026-05-08 07:26:05 | INFO     | app.main:add_security_headers:43 - GET /api/v1/admin/services - 307 (0.0017s)
2026-05-08 07:26:05 | INFO     | app.main:add_security_headers:43 - GET /api/v1/admin/services/ - 200 (0.0569s)
2026-05-08 07:27:19 | INFO     | app.main:add_security_headers:43 - GET /api/v1/admin/services - 307 (0.0012s)
2026-05-08 07:27:19 | INFO     | app.main:add_security_headers:43 - GET /api/v1/admin/services/ - 200 (0.0270s)
2026-05-08 07:27:22 | INFO     | app.main:add_security_headers:43 - POST /api/v1/admin/services - 307 (0.0015s)
2026-05-08 07:27:22 | INFO     | app.main:add_security_headers:43 - POST /api/v1/admin/services/ - 200 (0.0683s)
2026-05-08 07:27:22 | INFO     | app.main:add_security_headers:43 - GET /api/v1/admin/services - 307 (0.0010s)
2026-05-08 07:27:22 | INFO     | app.main:add_security_headers:43 - GET /api/v1/admin/services/ - 200 (0.0230s)
2026-05-08 07:27:29 | INFO     | app.main:add_security_headers:43 - GET /api/v1/admin/services - 307 (0.0010s)
2026-05-08 07:27:29 | INFO     | app.main:add_security_headers:43 - GET /api/v1/admin/services/ - 200 (0.0215s)
2026-05-08 07:27:48 | INFO     | app.main:add_security_headers:43 - PATCH /api/v1/admin/services/5 - 405 (0.0017s)
2026-05-08 07:27:49 | INFO     | app.main:add_security_headers:43 - PATCH /api/v1/admin/services/5 - 405 (0.0009s)
2026-05-08 07:27:50 | INFO     | app.main:add_security_headers:43 - PATCH /api/v1/admin/services/5 - 405 (0.0009s)
2026-05-08 07:27:51 | INFO     | app.main:add_security_headers:43 - PATCH /api/v1/admin/services/5 - 405 (0.0010s)
2026-05-08 07:27:51 | INFO     | app.main:add_security_headers:43 - PATCH /api/v1/admin/services/5 - 405 (0.0011s)
2026-05-08 07:27:52 | INFO     | app.main:add_security_headers:43 - PATCH /api/v1/admin/services/5 - 405 (0.0009s)
2026-05-08 07:28:09 | INFO     | app.main:add_security_headers:43 - GET /api/v1/admin/services - 307 (0.0012s)
2026-05-08 07:28:09 | INFO     | app.main:add_security_headers:43 - GET /api/v1/admin/services/ - 200 (0.0237s)
2026-05-08 07:28:10 | INFO     | app.main:add_security_headers:43 - GET /api/v1/admin/services - 307 (0.0015s)
2026-05-08 07:28:10 | INFO     | app.main:add_security_headers:43 - GET /api/v1/admin/services/ - 200 (0.0281s)
2026-05-08 07:28:12 | INFO     | app.main:add_security_headers:43 - PUT /api/v1/admin/services/5 - 200 (0.0558s)
2026-05-08 07:28:12 | INFO     | app.main:add_security_headers:43 - GET /api/v1/admin/services - 307 (0.0014s)
2026-05-08 07:28:12 | INFO     | app.main:add_security_headers:43 - GET /api/v1/admin/services/ - 200 (0.0198s)
2026-05-08 07:28:26 | INFO     | app.main:add_security_headers:43 - GET /api/v1/admin/services - 307 (0.0007s)
2026-05-08 07:28:26 | INFO     | app.main:add_security_headers:43 - GET /api/v1/admin/services/ - 200 (0.0223s)
2026-05-08 07:29:10 | INFO     | app.main:add_security_headers:43 - GET /api/v1/admin/services - 307 (0.0015s)
2026-05-08 07:29:10 | INFO     | app.main:add_security_headers:43 - GET /api/v1/admin/services/ - 200 (0.0227s)
2026-05-08 07:34:34 | INFO     | app.main:add_security_headers:43 - GET /api/v1/admin/services - 307 (0.0016s)
2026-05-08 07:34:34 | INFO     | app.main:add_security_headers:43 - GET /api/v1/admin/services/ - 200 (0.0314s)
2026-05-08 07:35:12 | INFO     | app.main:add_security_headers:43 - GET /api/v1/auth/me - 200 (0.0158s)
2026-05-08 07:35:34 | INFO     | app.main:add_security_headers:43 - GET /api/v1/auth/me - 200 (0.0142s)
2026-05-08 07:35:34 | INFO     | app.main:add_security_headers:43 - GET /api/v1/admin/services - 307 (0.0008s)
2026-05-08 07:35:34 | INFO     | app.main:add_security_headers:43 - GET /api/v1/admin/services/ - 200 (0.0237s)
2026-05-08 07:35:53 | INFO     | app.main:add_security_headers:43 - POST /api/v1/admin/services - 307 (0.0011s)
2026-05-08 07:35:53 | INFO     | app.main:add_security_headers:43 - POST /api/v1/admin/services/ - 200 (0.0462s)
2026-05-08 07:35:53 | INFO     | app.main:add_security_headers:43 - GET /api/v1/admin/services - 307 (0.0010s)
2026-05-08 07:35:53 | INFO     | app.main:add_security_headers:43 - GET /api/v1/admin/services/ - 200 (0.0185s)
2026-05-08 07:36:01 | INFO     | app.main:add_security_headers:43 - DELETE /api/v1/admin/services/6 - 200 (0.0429s)
2026-05-08 07:36:01 | INFO     | app.main:add_security_headers:43 - GET /api/v1/admin/services - 307 (0.0019s)
2026-05-08 07:36:01 | INFO     | app.main:add_security_headers:43 - GET /api/v1/admin/services/ - 200 (0.0207s)
2026-05-08 07:36:10 | INFO     | app.main:add_security_headers:43 - GET /api/v1/admin/services - 307 (0.0016s)
2026-05-08 07:36:10 | INFO     | app.main:add_security_headers:43 - GET /api/v1/admin/services/ - 200 (0.0235s)
2026-05-08 07:36:39 | INFO     | app.main:add_security_headers:43 - GET /api/v1/admin/services - 307 (0.0012s)
2026-05-08 07:36:39 | INFO     | app.main:add_security_headers:43 - GET /api/v1/admin/services/ - 200 (0.0229s)
2026-05-08 07:36:42 | INFO     | app.main:add_security_headers:43 - GET /api/v1/admin/leads - 307 (0.0007s)
2026-05-08 07:36:42 | INFO     | app.main:add_security_headers:43 - GET /api/v1/admin/leads/ - 200 (0.0233s)
2026-05-08 07:37:48 | INFO     | app.main:add_security_headers:43 - GET /api/v1/admin/leads - 307 (0.0011s)
2026-05-08 07:37:48 | INFO     | app.main:add_security_headers:43 - GET /api/v1/admin/leads/ - 200 (0.0219s)
2026-05-08 07:38:21 | INFO     | app.main:add_security_headers:43 - GET /api/v1/admin/leads - 307 (0.0008s)
2026-05-08 07:38:21 | INFO     | app.main:add_security_headers:43 - GET /api/v1/admin/leads/ - 200 (0.0213s)
2026-05-08 07:44:48 | INFO     | app.main:add_security_headers:43 - GET /api/v1/admin/leads - 307 (0.0022s)
2026-05-08 07:44:48 | INFO     | app.main:add_security_headers:43 - GET /api/v1/admin/leads/ - 401 (0.0073s)
2026-05-08 07:44:50 | INFO     | app.main:add_security_headers:43 - POST /api/v1/auth/refresh - 200 (0.0387s)
2026-05-08 07:44:50 | INFO     | app.main:add_security_headers:43 - GET /api/v1/admin/leads - 307 (0.0017s)
2026-05-08 07:44:50 | INFO     | app.main:add_security_headers:43 - GET /api/v1/admin/leads/ - 200 (0.0178s)
2026-05-08 07:49:07 | INFO     | app.main:add_security_headers:43 - GET /api/v1/auth/me - 200 (0.0169s)
2026-05-08 07:49:35 | INFO     | app.main:add_security_headers:43 - GET /api/v1/auth/me - 200 (0.0169s)
2026-05-08 07:49:43 | INFO     | app.main:add_security_headers:43 - GET /api/v1/auth/me - 200 (0.0155s)
2026-05-08 07:49:44 | INFO     | app.main:add_security_headers:43 - GET /api/v1/admin/leads - 307 (0.0010s)
2026-05-08 07:49:44 | INFO     | app.main:add_security_headers:43 - GET /api/v1/admin/leads/ - 200 (0.0234s)
2026-05-08 07:49:52 | INFO     | app.main:add_security_headers:43 - GET /api/v1/admin/leads - 307 (0.0013s)
2026-05-08 07:49:52 | INFO     | app.main:add_security_headers:43 - GET /api/v1/admin/leads/ - 200 (0.0246s)
2026-05-08 07:49:54 | INFO     | app.main:add_security_headers:43 - GET /api/v1/admin/services - 307 (0.0010s)
2026-05-08 07:49:54 | INFO     | app.main:add_security_headers:43 - GET /api/v1/admin/services/ - 200 (0.0214s)
2026-05-08 07:51:06 | INFO     | app.main:add_security_headers:43 - POST /api/v1/auth/register - 200 (0.2645s)
2026-05-08 07:51:11 | INFO     | app.main:add_security_headers:43 - GET /api/v1/admin/leads - 307 (0.0013s)
2026-05-08 07:51:11 | INFO     | app.main:add_security_headers:43 - GET /api/v1/admin/services - 307 (0.0032s)
2026-05-08 07:51:11 | INFO     | app.main:add_security_headers:43 - GET /api/v1/admin/leads/ - 200 (0.0349s)
2026-05-08 07:51:11 | INFO     | app.main:add_security_headers:43 - GET /api/v1/admin/services/ - 200 (0.2631s)
2026-05-08 07:51:41 | INFO     | app.main:add_security_headers:43 - GET /api/v1/admin/leads - 307 (0.0011s)
2026-05-08 07:51:43 | INFO     | app.main:add_security_headers:43 - GET /api/v1/auth/me - 200 (0.0148s)
2026-05-08 07:51:43 | INFO     | app.main:add_security_headers:43 - GET /api/v1/admin/leads - 307 (0.0018s)
2026-05-08 07:51:43 | INFO     | app.main:add_security_headers:43 - GET /api/v1/admin/leads/ - 200 (0.0453s)
2026-05-08 07:52:38 | INFO     | app.main:add_security_headers:43 - GET /api/v1/admin/leads - 307 (0.0014s)
2026-05-08 07:52:38 | INFO     | app.main:add_security_headers:43 - GET /api/v1/admin/leads/ - 200 (0.0271s)
2026-05-08 07:52:43 | INFO     | app.main:add_security_headers:43 - GET /api/v1/admin/affiliates - 307 (0.0018s)
2026-05-08 07:52:43 | INFO     | app.main:add_security_headers:43 - GET /api/v1/admin/affiliates/ - 200 (0.0586s)
2026-05-08 07:53:02 | INFO     | app.main:add_security_headers:43 - POST /api/v1/admin/approvals/382837e5-ed69-4082-9c23-7b460b9bdb4f/approve - 200 (0.0548s)
2026-05-08 07:53:02 | INFO     | app.main:add_security_headers:43 - GET /api/v1/admin/affiliates - 307 (0.0012s)
2026-05-08 07:53:02 | INFO     | app.main:add_security_headers:43 - GET /api/v1/admin/affiliates/ - 200 (0.0198s)
2026-05-08 07:53:25 | INFO     | app.main:add_security_headers:43 - GET /api/v1/admin/affiliates - 307 (0.0019s)
2026-05-08 07:53:25 | INFO     | app.main:add_security_headers:43 - GET /api/v1/admin/affiliates/ - 200 (0.0262s)
2026-05-08 07:53:27 | INFO     | app.main:add_security_headers:43 - GET /api/v1/auth/me - 200 (0.0152s)
2026-05-08 07:53:27 | INFO     | app.main:add_security_headers:43 - GET /api/v1/admin/affiliates - 307 (0.0018s)
2026-05-08 07:53:27 | INFO     | app.main:add_security_headers:43 - GET /api/v1/admin/affiliates/ - 200 (0.0227s)
2026-05-08 07:54:01 | INFO     | app.main:add_security_headers:43 - GET /api/v1/admin/affiliates - 307 (0.0012s)
2026-05-08 07:54:01 | INFO     | app.main:add_security_headers:43 - GET /api/v1/admin/affiliates/ - 200 (0.0252s)
2026-05-08 07:54:04 | INFO     | app.main:add_security_headers:43 - GET /api/v1/admin/affiliates - 307 (0.0012s)
2026-05-08 07:54:04 | INFO     | app.main:add_security_headers:43 - GET /api/v1/admin/affiliates/ - 200 (0.0267s)
2026-05-08 07:54:05 | INFO     | app.main:add_security_headers:43 - GET /api/v1/admin/affiliates - 307 (0.0012s)
2026-05-08 07:54:05 | INFO     | app.main:add_security_headers:43 - GET /api/v1/admin/affiliates/ - 200 (0.0231s)
2026-05-08 07:54:09 | INFO     | app.main:add_security_headers:43 - GET /api/v1/admin/affiliates - 307 (0.0018s)
2026-05-08 07:54:09 | INFO     | app.main:add_security_headers:43 - GET /api/v1/admin/affiliates/ - 200 (0.0177s)
2026-05-08 07:54:13 | INFO     | app.main:add_security_headers:43 - GET /api/v1/admin/affiliates - 307 (0.0019s)
2026-05-08 07:54:13 | INFO     | app.main:add_security_headers:43 - GET /api/v1/admin/affiliates/ - 200 (0.0194s)
2026-05-08 07:54:15 | INFO     | app.main:add_security_headers:43 - GET /api/v1/admin/affiliates - 307 (0.0012s)
2026-05-08 07:54:15 | INFO     | app.main:add_security_headers:43 - GET /api/v1/admin/affiliates/ - 200 (0.0240s)
2026-05-08 07:54:17 | INFO     | app.main:add_security_headers:43 - GET /api/v1/admin/affiliates - 307 (0.0017s)
2026-05-08 07:54:17 | INFO     | app.main:add_security_headers:43 - GET /api/v1/admin/affiliates/ - 200 (0.0257s)
2026-05-08 07:54:22 | INFO     | app.main:add_security_headers:43 - GET /api/v1/admin/affiliates - 307 (0.0012s)
2026-05-08 07:54:22 | INFO     | app.main:add_security_headers:43 - GET /api/v1/admin/affiliates/ - 200 (0.0230s)
2026-05-08 07:54:23 | INFO     | app.main:add_security_headers:43 - GET /api/v1/admin/affiliates - 307 (0.0012s)
2026-05-08 07:54:24 | INFO     | app.main:add_security_headers:43 - GET /api/v1/admin/affiliates/ - 200 (0.0213s)
2026-05-08 07:54:28 | INFO     | app.main:add_security_headers:43 - GET /api/v1/admin/affiliates - 307 (0.0010s)
2026-05-08 07:54:28 | INFO     | app.main:add_security_headers:43 - GET /api/v1/admin/affiliates/ - 200 (0.0212s)
2026-05-08 07:54:30 | INFO     | app.main:add_security_headers:43 - GET /api/v1/admin/affiliates - 307 (0.0009s)
2026-05-08 07:54:30 | INFO     | app.main:add_security_headers:43 - GET /api/v1/admin/affiliates/ - 200 (0.0194s)
2026-05-08 07:55:58 | INFO     | app.main:add_security_headers:43 - GET /api/v1/admin/affiliates - 307 (0.0011s)
2026-05-08 07:55:58 | INFO     | app.main:add_security_headers:43 - GET /api/v1/admin/affiliates/ - 200 (0.0310s)
2026-05-08 07:56:03 | INFO     | app.main:add_security_headers:43 - GET /api/v1/auth/me - 200 (0.0149s)
2026-05-08 07:56:03 | INFO     | app.main:add_security_headers:43 - GET /api/v1/admin/affiliates - 307 (0.0012s)
2026-05-08 07:56:03 | INFO     | app.main:add_security_headers:43 - GET /api/v1/admin/affiliates/ - 200 (0.0309s)
2026-05-08 07:58:39 | INFO     | app.main:add_security_headers:43 - GET /api/v1/admin/affiliates - 307 (0.0012s)
2026-05-08 07:58:39 | INFO     | app.main:add_security_headers:43 - GET /api/v1/admin/affiliates/ - 200 (0.0353s)
2026-05-08 08:01:53 | INFO     | app.main:add_security_headers:43 - PATCH /api/v1/admin/affiliates/382837e5-ed69-4082-9c23-7b460b9bdb4f/status - 401 (0.0042s)
2026-05-08 08:01:53 | INFO     | app.main:add_security_headers:43 - POST /api/v1/auth/refresh - 200 (0.0458s)
2026-05-08 08:01:53 | INFO     | app.main:add_security_headers:43 - PATCH /api/v1/admin/affiliates/382837e5-ed69-4082-9c23-7b460b9bdb4f/status - 200 (0.0714s)
2026-05-08 08:01:53 | INFO     | app.main:add_security_headers:43 - GET /api/v1/admin/affiliates - 307 (0.0013s)
2026-05-08 08:01:54 | INFO     | app.main:add_security_headers:43 - GET /api/v1/admin/affiliates/ - 200 (0.0250s)
2026-05-08 08:03:59 | INFO     | app.main:add_security_headers:43 - GET /api/v1/admin/affiliates - 307 (0.0014s)
2026-05-08 08:03:59 | INFO     | app.main:add_security_headers:43 - GET /api/v1/admin/affiliates/ - 200 (0.0386s)
2026-05-08 08:04:45 | INFO     | app.main:add_security_headers:43 - GET /api/v1/admin/affiliates - 307 (0.0024s)
2026-05-08 08:04:45 | INFO     | app.main:add_security_headers:43 - GET /api/v1/admin/affiliates/ - 200 (0.0417s)
2026-05-08 08:04:50 | INFO     | app.main:add_security_headers:43 - GET /api/v1/admin/commissions - 307 (0.0021s)
2026-05-08 08:04:50 | INFO     | app.main:add_security_headers:43 - GET /api/v1/admin/commissions/ - 200 (0.0349s)
2026-05-09 15:03:48 | DEBUG    | logging:callHandlers:1736 - detected 'argon2_cffi' backend, version '23.1.0', with support for 0x13 argon2 hashes
2026-05-09 15:03:48 | INFO     | app.main:add_security_headers:43 - POST /api/v1/auth/login/json - 200 (0.8909s)
2026-05-09 15:03:48 | INFO     | app.main:add_security_headers:43 - GET /api/v1/auth/me - 200 (0.0255s)
2026-05-09 15:03:49 | INFO     | app.main:add_security_headers:43 - GET /api/v1/auth/me - 200 (0.0170s)
2026-05-09 15:03:49 | INFO     | app.main:add_security_headers:43 - GET /api/v1/admin/dashboard/kpis - 200 (0.1255s)
2026-05-09 15:03:54 | INFO     | app.main:add_security_headers:43 - GET /api/v1/admin/leads - 307 (0.0021s)
2026-05-09 15:03:54 | INFO     | app.main:add_security_headers:43 - GET /api/v1/admin/leads/ - 200 (0.0760s)
2026-05-09 15:03:56 | INFO     | app.main:add_security_headers:43 - GET /api/v1/admin/services - 307 (0.0013s)
2026-05-09 15:03:56 | INFO     | app.main:add_security_headers:43 - GET /api/v1/admin/services/ - 200 (0.0475s)
2026-05-09 15:04:08 | INFO     | app.main:add_security_headers:43 - GET /api/v1/admin/affiliates - 307 (0.0014s)
2026-05-09 15:04:08 | INFO     | app.main:add_security_headers:43 - GET /api/v1/admin/affiliates/ - 200 (0.0362s)
2026-05-09 15:04:17 | INFO     | app.main:add_security_headers:43 - PATCH /api/v1/admin/affiliates/382837e5-ed69-4082-9c23-7b460b9bdb4f/status - 200 (0.0813s)
2026-05-09 15:04:17 | INFO     | app.main:add_security_headers:43 - GET /api/v1/admin/affiliates - 307 (0.0017s)
2026-05-09 15:04:17 | INFO     | app.main:add_security_headers:43 - GET /api/v1/admin/affiliates/ - 200 (0.0220s)
2026-05-09 15:04:28 | INFO     | app.main:add_security_headers:43 - GET / - 200 (0.0021s)
2026-05-09 15:04:28 | INFO     | app.main:add_security_headers:43 - GET /favicon.ico - 404 (0.0021s)
2026-05-09 15:04:34 | INFO     | app.main:add_security_headers:43 - GET /docs - 200 (0.0010s)
2026-05-09 15:04:34 | INFO     | app.main:add_security_headers:43 - GET /api/v1/openapi.json - 200 (0.1454s)
2026-05-09 15:05:04 | DEBUG    | logging:callHandlers:1736 - Calling on_field_start with no data
2026-05-09 15:05:04 | DEBUG    | logging:callHandlers:1736 - Calling on_field_name with data[0:10]
2026-05-09 15:05:04 | DEBUG    | logging:callHandlers:1736 - Calling on_field_data with data[11:19]
2026-05-09 15:05:04 | DEBUG    | logging:callHandlers:1736 - Calling on_field_end with no data
2026-05-09 15:05:04 | DEBUG    | logging:callHandlers:1736 - Calling on_field_start with no data
2026-05-09 15:05:04 | DEBUG    | logging:callHandlers:1736 - Calling on_field_name with data[20:28]
2026-05-09 15:05:04 | DEBUG    | logging:callHandlers:1736 - Calling on_field_data with data[29:56]
2026-05-09 15:05:04 | DEBUG    | logging:callHandlers:1736 - Calling on_field_end with no data
2026-05-09 15:05:04 | DEBUG    | logging:callHandlers:1736 - Calling on_field_start with no data
2026-05-09 15:05:04 | DEBUG    | logging:callHandlers:1736 - Calling on_field_name with data[57:65]
2026-05-09 15:05:04 | DEBUG    | logging:callHandlers:1736 - Calling on_field_data with data[66:74]
2026-05-09 15:05:04 | DEBUG    | logging:callHandlers:1736 - Calling on_field_end with no data
2026-05-09 15:05:04 | DEBUG    | logging:callHandlers:1736 - Calling on_end with no data
2026-05-09 15:05:04 | INFO     | app.main:add_security_headers:43 - POST /api/v1/auth/login - 200 (0.2074s)
2026-05-09 15:05:50 | INFO     | app.main:add_security_headers:43 - GET /api/v1/admin/services/ - 403 (0.0107s)
2026-05-09 15:06:04 | INFO     | app.main:add_security_headers:43 - GET /api/v1/public/services - 200 (0.0383s)
2026-05-09 15:06:14 | INFO     | app.main:add_security_headers:43 - POST /api/v1/affiliate/leads/ - 200 (0.0770s)
2026-05-09 15:06:22 | INFO     | app.main:add_security_headers:43 - GET /api/v1/admin/affiliates - 307 (0.0009s)
2026-05-09 15:06:22 | INFO     | app.main:add_security_headers:43 - GET /api/v1/admin/affiliates/ - 200 (0.0257s)
2026-05-09 15:06:25 | INFO     | app.main:add_security_headers:43 - GET /api/v1/admin/leads - 307 (0.0008s)
2026-05-09 15:06:25 | INFO     | app.main:add_security_headers:43 - GET /api/v1/admin/leads/ - 200 (0.0229s)
2026-05-09 15:06:41 | INFO     | app.main:add_security_headers:43 - GET /api/v1/admin/commissions - 307 (0.0018s)
2026-05-09 15:06:41 | INFO     | app.main:add_security_headers:43 - GET /api/v1/admin/commissions/ - 200 (0.0427s)
2026-05-09 15:06:52 | INFO     | app.main:add_security_headers:43 - GET /api/v1/admin/leads - 307 (0.0012s)
2026-05-09 15:06:52 | INFO     | app.main:add_security_headers:43 - GET /api/v1/admin/leads/ - 200 (0.0249s)
2026-05-09 15:10:18 | INFO     | app.main:add_security_headers:43 - GET /api/v1/admin/leads - 307 (0.0014s)
2026-05-09 15:10:19 | INFO     | app.main:add_security_headers:43 - GET /api/v1/admin/leads/ - 200 (0.0370s)
2026-05-09 15:10:24 | INFO     | app.main:add_security_headers:43 - PATCH /api/v1/admin/leads/fe2ce9aa-4407-4b9c-bca8-f730c9163a34/status - 200 (0.0819s)
2026-05-09 15:10:24 | INFO     | app.main:add_security_headers:43 - GET /api/v1/admin/leads - 307 (0.0010s)
2026-05-09 15:10:24 | INFO     | app.main:add_security_headers:43 - GET /api/v1/admin/leads/ - 200 (0.0238s)
2026-05-09 15:10:30 | INFO     | app.main:add_security_headers:43 - GET /api/v1/admin/commissions - 307 (0.0012s)
2026-05-09 15:10:30 | INFO     | app.main:add_security_headers:43 - GET /api/v1/admin/commissions/ - 200 (0.0263s)
2026-05-09 15:10:58 | INFO     | app.main:add_security_headers:43 - GET /api/v1/affiliate/commissions/ - 200 (0.0251s)
2026-05-09 15:11:44 | INFO     | app.main:add_security_headers:43 - GET /api/v1/admin/commissions - 307 (0.0011s)
2026-05-09 15:11:44 | INFO     | app.main:add_security_headers:43 - GET /api/v1/admin/commissions/ - 200 (0.0257s)
2026-05-09 15:11:57 | INFO     | app.main:add_security_headers:43 - GET /api/v1/admin/leads - 307 (0.0016s)
2026-05-09 15:11:57 | INFO     | app.main:add_security_headers:43 - GET /api/v1/admin/leads/ - 200 (0.0277s)
2026-05-09 15:12:01 | INFO     | app.main:add_security_headers:43 - PATCH /api/v1/admin/leads/fe2ce9aa-4407-4b9c-bca8-f730c9163a34/status - 200 (0.0954s)
2026-05-09 15:12:01 | INFO     | app.main:add_security_headers:43 - GET /api/v1/admin/leads - 307 (0.0010s)
2026-05-09 15:12:01 | INFO     | app.main:add_security_headers:43 - GET /api/v1/admin/leads/ - 200 (0.0317s)
2026-05-09 15:12:07 | INFO     | app.main:add_security_headers:43 - GET /api/v1/admin/commissions - 307 (0.0013s)
2026-05-09 15:12:07 | INFO     | app.main:add_security_headers:43 - GET /api/v1/admin/commissions/ - 200 (0.0228s)
2026-05-09 15:12:26 | INFO     | app.main:add_security_headers:43 - GET /api/v1/admin/withdrawals - 307 (0.0019s)
2026-05-09 15:12:26 | INFO     | app.main:add_security_headers:43 - GET /api/v1/admin/withdrawals/ - 200 (0.0711s)
2026-05-09 15:12:39 | INFO     | app.main:add_security_headers:43 - GET /api/v1/affiliate/wallet/ - 200 (0.0290s)
2026-05-09 15:12:47 | INFO     | app.main:add_security_headers:43 - GET /docs - 200 (0.0011s)
2026-05-09 15:12:48 | INFO     | app.main:add_security_headers:43 - GET /api/v1/openapi.json - 200 (0.0047s)
2026-05-09 15:13:31 | INFO     | app.main:add_security_headers:43 - GET /api/v1/affiliate/wallet/ - 401 (0.0020s)
2026-05-09 15:13:51 | DEBUG    | logging:callHandlers:1736 - Calling on_field_start with no data
2026-05-09 15:13:51 | DEBUG    | logging:callHandlers:1736 - Calling on_field_name with data[0:10]
2026-05-09 15:13:51 | DEBUG    | logging:callHandlers:1736 - Calling on_field_data with data[11:19]
2026-05-09 15:13:51 | DEBUG    | logging:callHandlers:1736 - Calling on_field_end with no data
2026-05-09 15:13:51 | DEBUG    | logging:callHandlers:1736 - Calling on_field_start with no data
2026-05-09 15:13:51 | DEBUG    | logging:callHandlers:1736 - Calling on_field_name with data[20:28]
2026-05-09 15:13:51 | DEBUG    | logging:callHandlers:1736 - Calling on_field_data with data[29:56]
2026-05-09 15:13:51 | DEBUG    | logging:callHandlers:1736 - Calling on_field_end with no data
2026-05-09 15:13:51 | DEBUG    | logging:callHandlers:1736 - Calling on_field_start with no data
2026-05-09 15:13:51 | DEBUG    | logging:callHandlers:1736 - Calling on_field_name with data[57:65]
2026-05-09 15:13:51 | DEBUG    | logging:callHandlers:1736 - Calling on_field_data with data[66:74]
2026-05-09 15:13:51 | DEBUG    | logging:callHandlers:1736 - Calling on_field_end with no data
2026-05-09 15:13:51 | DEBUG    | logging:callHandlers:1736 - Calling on_end with no data
2026-05-09 15:13:51 | INFO     | app.main:add_security_headers:43 - POST /api/v1/auth/login - 200 (0.2155s)
2026-05-09 15:13:57 | INFO     | app.main:add_security_headers:43 - GET /api/v1/affiliate/wallet/ - 200 (0.0216s)
2026-05-09 15:14:14 | INFO     | app.main:add_security_headers:43 - GET /api/v1/affiliate/wallet/ - 200 (0.0189s)
2026-05-09 15:14:26 | INFO     | app.main:add_security_headers:43 - GET /api/v1/affiliate/commissions/ - 200 (0.0213s)
2026-05-09 15:14:39 | INFO     | app.main:add_security_headers:43 - GET /api/v1/admin/withdrawals - 307 (0.0013s)
2026-05-09 15:14:39 | INFO     | app.main:add_security_headers:43 - GET /api/v1/admin/withdrawals/ - 200 (0.0250s)
2026-05-09 15:14:41 | INFO     | app.main:add_security_headers:43 - GET /api/v1/admin/commissions - 307 (0.0030s)
2026-05-09 15:14:41 | INFO     | app.main:add_security_headers:43 - GET /api/v1/admin/commissions/ - 200 (0.0234s)
2026-05-09 15:15:33 | INFO     | app.main:add_security_headers:43 - GET /api/v1/admin/commissions - 307 (0.0012s)
2026-05-09 15:15:33 | INFO     | app.main:add_security_headers:43 - GET /api/v1/admin/commissions/ - 200 (0.0266s)
2026-05-09 15:16:35 | INFO     | app.main:add_security_headers:43 - POST /api/v1/affiliate/wallet/withdraw - 400 (0.0298s)
2026-05-09 15:16:46 | INFO     | app.main:add_security_headers:43 - POST /api/v1/affiliate/wallet/withdraw - 400 (0.0221s)
2026-05-09 15:16:53 | INFO     | app.main:add_security_headers:43 - GET /api/v1/admin/commissions - 307 (0.0010s)
2026-05-09 15:16:53 | INFO     | app.main:add_security_headers:43 - GET /api/v1/admin/commissions/ - 200 (0.0238s)
2026-05-09 15:16:59 | INFO     | app.main:add_security_headers:43 - GET /api/v1/admin/leads - 307 (0.0019s)
2026-05-09 15:16:59 | INFO     | app.main:add_security_headers:43 - GET /api/v1/admin/leads/ - 200 (0.0238s)
2026-05-09 15:17:01 | INFO     | app.main:add_security_headers:43 - GET /api/v1/admin/commissions - 307 (0.0013s)
2026-05-09 15:17:01 | INFO     | app.main:add_security_headers:43 - GET /api/v1/admin/commissions/ - 200 (0.0244s)
2026-05-09 15:23:38 | INFO     | app.main:add_security_headers:43 - GET /api/v1/admin/commissions - 307 (0.0021s)
2026-05-09 15:23:38 | INFO     | app.main:add_security_headers:43 - GET /api/v1/admin/commissions/ - 401 (0.0045s)
2026-05-09 15:23:42 | INFO     | app.main:add_security_headers:43 - POST /api/v1/auth/refresh - 200 (0.1414s)
2026-05-09 15:23:42 | INFO     | app.main:add_security_headers:43 - GET /api/v1/admin/commissions - 307 (0.0009s)
2026-05-09 15:23:42 | INFO     | app.main:add_security_headers:43 - GET /api/v1/admin/commissions/ - 200 (0.0958s)
2026-05-09 15:36:45 | INFO     | app.main:add_security_headers:43 - GET /api/v1/admin/commissions - 307 (0.0025s)
2026-05-09 15:36:45 | INFO     | app.main:add_security_headers:43 - GET /api/v1/admin/commissions/ - 200 (0.3335s)
2026-05-09 15:36:51 | INFO     | app.main:add_security_headers:43 - GET /api/v1/admin/leads - 307 (0.0019s)
2026-05-09 15:36:51 | INFO     | app.main:add_security_headers:43 - GET /api/v1/admin/leads/ - 200 (0.0564s)
2026-05-09 16:07:16 | INFO     | app.main:add_security_headers:43 - GET /api/v1/admin/leads - 307 (0.0010s)
2026-05-09 16:07:16 | INFO     | app.main:add_security_headers:43 - GET /api/v1/admin/leads/ - 401 (0.0033s)
2026-05-09 16:07:16 | INFO     | app.main:add_security_headers:43 - POST /api/v1/auth/refresh - 200 (0.0395s)
2026-05-09 16:07:16 | INFO     | app.main:add_security_headers:43 - GET /api/v1/admin/leads - 307 (0.0012s)
2026-05-09 16:07:16 | INFO     | app.main:add_security_headers:43 - GET /api/v1/admin/leads/ - 200 (0.0216s)
2026-05-09 16:08:14 | INFO     | app.main:add_security_headers:43 - POST /api/v1/affiliate/leads/ - 401 (0.0053s)
2026-05-09 16:08:18 | INFO     | app.main:add_security_headers:43 - GET /api/v1/admin/leads - 307 (0.0013s)
2026-05-09 16:08:18 | INFO     | app.main:add_security_headers:43 - GET /api/v1/admin/leads/ - 200 (0.0225s)
2026-05-09 16:08:25 | INFO     | app.main:add_security_headers:43 - GET /api/v1/auth/me - 200 (0.0166s)
2026-05-09 16:08:25 | INFO     | app.main:add_security_headers:43 - GET /api/v1/admin/leads - 307 (0.0015s)
2026-05-09 16:08:25 | INFO     | app.main:add_security_headers:43 - GET /api/v1/admin/leads/ - 200 (0.0308s)
2026-05-09 16:08:29 | INFO     | app.main:add_security_headers:43 - GET /api/v1/admin/affiliates - 307 (0.0012s)
2026-05-09 16:08:29 | INFO     | app.main:add_security_headers:43 - GET /api/v1/admin/affiliates/ - 200 (0.0683s)
2026-05-09 16:08:31 | INFO     | app.main:add_security_headers:43 - GET /api/v1/admin/leads - 307 (0.0012s)
2026-05-09 16:08:31 | INFO     | app.main:add_security_headers:43 - GET /api/v1/admin/leads/ - 200 (0.0232s)
2026-05-09 16:08:56 | INFO     | app.main:add_security_headers:43 - POST /api/v1/affiliate/leads/ - 401 (0.0038s)
2026-05-09 16:09:12 | DEBUG    | logging:callHandlers:1736 - Calling on_field_start with no data
2026-05-09 16:09:12 | DEBUG    | logging:callHandlers:1736 - Calling on_field_name with data[0:10]
2026-05-09 16:09:12 | DEBUG    | logging:callHandlers:1736 - Calling on_field_data with data[11:19]
2026-05-09 16:09:12 | DEBUG    | logging:callHandlers:1736 - Calling on_field_end with no data
2026-05-09 16:09:12 | DEBUG    | logging:callHandlers:1736 - Calling on_field_start with no data
2026-05-09 16:09:12 | DEBUG    | logging:callHandlers:1736 - Calling on_field_name with data[20:28]
2026-05-09 16:09:12 | DEBUG    | logging:callHandlers:1736 - Calling on_field_data with data[29:56]
2026-05-09 16:09:12 | DEBUG    | logging:callHandlers:1736 - Calling on_field_end with no data
2026-05-09 16:09:12 | DEBUG    | logging:callHandlers:1736 - Calling on_field_start with no data
2026-05-09 16:09:12 | DEBUG    | logging:callHandlers:1736 - Calling on_field_name with data[57:65]
2026-05-09 16:09:12 | DEBUG    | logging:callHandlers:1736 - Calling on_field_data with data[66:74]
2026-05-09 16:09:12 | DEBUG    | logging:callHandlers:1736 - Calling on_field_end with no data
2026-05-09 16:09:12 | DEBUG    | logging:callHandlers:1736 - Calling on_end with no data
2026-05-09 16:09:12 | DEBUG    | logging:callHandlers:1736 - detected 'argon2_cffi' backend, version '23.1.0', with support for 0x13 argon2 hashes
2026-05-09 16:09:13 | INFO     | app.main:add_security_headers:43 - POST /api/v1/auth/login - 200 (0.2488s)
2026-05-09 16:09:19 | INFO     | app.main:add_security_headers:43 - POST /api/v1/affiliate/leads/ - 200 (0.0783s)
2026-05-09 16:09:22 | INFO     | app.main:add_security_headers:43 - GET /api/v1/admin/leads - 307 (0.0016s)
2026-05-09 16:09:22 | INFO     | app.main:add_security_headers:43 - GET /api/v1/admin/leads/ - 200 (0.0228s)
2026-05-09 16:09:55 | INFO     | app.main:add_security_headers:43 - GET /api/v1/admin/leads - 307 (0.0015s)
2026-05-09 16:09:55 | INFO     | app.main:add_security_headers:43 - GET /api/v1/admin/leads/ - 200 (0.0252s)
2026-05-09 16:09:58 | INFO     | app.main:add_security_headers:43 - PATCH /api/v1/admin/leads/7d9c0486-6e45-49d3-80b7-f2d90974552b/status - 200 (0.1084s)
2026-05-09 16:09:58 | INFO     | app.main:add_security_headers:43 - GET /api/v1/admin/leads - 307 (0.0017s)
2026-05-09 16:09:58 | INFO     | app.main:add_security_headers:43 - GET /api/v1/admin/leads/ - 200 (0.0256s)
2026-05-09 16:10:03 | INFO     | app.main:add_security_headers:43 - PATCH /api/v1/admin/leads/7d9c0486-6e45-49d3-80b7-f2d90974552b/status - 200 (0.1164s)
2026-05-09 16:10:04 | INFO     | app.main:add_security_headers:43 - GET /api/v1/admin/leads - 307 (0.0012s)
2026-05-09 16:10:04 | INFO     | app.main:add_security_headers:43 - GET /api/v1/admin/leads/ - 200 (0.0302s)
2026-05-09 16:10:08 | INFO     | app.main:add_security_headers:43 - GET /api/v1/admin/commissions - 307 (0.0010s)
2026-05-09 16:10:08 | INFO     | app.main:add_security_headers:43 - GET /api/v1/admin/commissions/ - 200 (0.0273s)
2026-05-09 16:10:21 | INFO     | app.main:add_security_headers:43 - GET /api/v1/affiliate/wallet/ - 200 (0.0240s)
2026-05-09 16:10:36 | INFO     | app.main:add_security_headers:43 - POST /api/v1/affiliate/wallet/withdraw - 200 (0.4666s)
2026-05-09 16:10:42 | INFO     | app.main:add_security_headers:43 - GET /api/v1/admin/commissions - 307 (0.0018s)
2026-05-09 16:10:42 | INFO     | app.main:add_security_headers:43 - GET /api/v1/admin/commissions/ - 200 (0.3687s)
2026-05-09 16:10:45 | INFO     | app.main:add_security_headers:43 - GET /api/v1/admin/withdrawals - 307 (0.0011s)
2026-05-09 16:10:45 | INFO     | app.main:add_security_headers:43 - GET /api/v1/admin/withdrawals/ - 200 (0.0499s)
2026-05-09 16:11:09 | INFO     | app.main:add_security_headers:43 - GET /api/v1/auth/me - 200 (0.0169s)
2026-05-09 16:11:09 | INFO     | app.main:add_security_headers:43 - GET /api/v1/admin/withdrawals - 307 (0.0010s)
2026-05-09 16:11:09 | INFO     | app.main:add_security_headers:43 - GET /api/v1/admin/withdrawals/ - 200 (0.0252s)
2026-05-09 16:13:44 | INFO     | app.main:add_security_headers:43 - GET /api/v1/auth/me - 200 (0.0171s)
2026-05-09 16:13:48 | INFO     | app.main:add_security_headers:43 - GET /api/v1/admin/withdrawals - 307 (0.0006s)
2026-05-09 16:13:48 | INFO     | app.main:add_security_headers:43 - GET /api/v1/admin/withdrawals/ - 200 (0.1934s)
2026-05-09 16:16:13 | INFO     | app.main:add_security_headers:43 - GET /api/v1/auth/me - 200 (0.0179s)
2026-05-09 16:16:14 | INFO     | app.main:add_security_headers:43 - GET /api/v1/admin/withdrawals - 307 (0.0022s)
2026-05-09 16:16:14 | INFO     | app.main:add_security_headers:43 - GET /api/v1/admin/withdrawals/ - 200 (0.0255s)
2026-05-09 16:16:20 | INFO     | app.main:add_security_headers:43 - GET /api/v1/admin/withdrawals - 307 (0.0018s)
2026-05-09 16:16:20 | INFO     | app.main:add_security_headers:43 - GET /api/v1/admin/withdrawals/ - 200 (0.0250s)
2026-05-09 16:16:39 | DEBUG    | logging:callHandlers:1736 - Calling on_part_begin with no data
2026-05-09 16:16:39 | DEBUG    | logging:callHandlers:1736 - Calling on_header_field with data[42:61]
2026-05-09 16:16:39 | DEBUG    | logging:callHandlers:1736 - Calling on_header_value with data[63:118]
2026-05-09 16:16:39 | DEBUG    | logging:callHandlers:1736 - Calling on_header_end with no data
2026-05-09 16:16:39 | DEBUG    | logging:callHandlers:1736 - Calling on_header_field with data[120:132]
2026-05-09 16:16:39 | DEBUG    | logging:callHandlers:1736 - Calling on_header_value with data[134:149]
2026-05-09 16:16:39 | DEBUG    | logging:callHandlers:1736 - Calling on_header_end with no data
2026-05-09 16:16:39 | DEBUG    | logging:callHandlers:1736 - Calling on_headers_finished with no data
2026-05-09 16:16:39 | DEBUG    | logging:callHandlers:1736 - Calling on_part_data with data[153:40101]
2026-05-09 16:16:39 | DEBUG    | logging:callHandlers:1736 - Calling on_part_end with no data
2026-05-09 16:16:39 | DEBUG    | logging:callHandlers:1736 - Calling on_end with no data
2026-05-09 16:16:40 | DEBUG    | logging:callHandlers:1736 - Changing event name from creating-client-class.iot-data to creating-client-class.iot-data-plane
2026-05-09 16:16:40 | DEBUG    | logging:callHandlers:1736 - Changing event name from before-call.apigateway to before-call.api-gateway
2026-05-09 16:16:40 | DEBUG    | logging:callHandlers:1736 - Changing event name from request-created.machinelearning.Predict to request-created.machine-learning.Predict
2026-05-09 16:16:40 | DEBUG    | logging:callHandlers:1736 - Changing event name from before-parameter-build.autoscaling.CreateLaunchConfiguration to before-parameter-build.auto-scaling.CreateLaunchConfiguration
2026-05-09 16:16:40 | DEBUG    | logging:callHandlers:1736 - Changing event name from before-parameter-build.route53 to before-parameter-build.route-53
2026-05-09 16:16:40 | DEBUG    | logging:callHandlers:1736 - Changing event name from request-created.cloudsearchdomain.Search to request-created.cloudsearch-domain.Search
2026-05-09 16:16:40 | DEBUG    | logging:callHandlers:1736 - Changing event name from docs.*.autoscaling.CreateLaunchConfiguration.complete-section to docs.*.auto-scaling.CreateLaunchConfiguration.complete-section
2026-05-09 16:16:40 | DEBUG    | logging:callHandlers:1736 - Changing event name from before-parameter-build.logs.CreateExportTask to before-parameter-build.cloudwatch-logs.CreateExportTask
2026-05-09 16:16:40 | DEBUG    | logging:callHandlers:1736 - Changing event name from docs.*.logs.CreateExportTask.complete-section to docs.*.cloudwatch-logs.CreateExportTask.complete-section
2026-05-09 16:16:40 | DEBUG    | logging:callHandlers:1736 - Changing event name from before-parameter-build.cloudsearchdomain.Search to before-parameter-build.cloudsearch-domain.Search
2026-05-09 16:16:40 | DEBUG    | logging:callHandlers:1736 - Changing event name from docs.*.cloudsearchdomain.Search.complete-section to docs.*.cloudsearch-domain.Search.complete-section
2026-05-09 16:16:40 | DEBUG    | logging:callHandlers:1736 - Loading JSON file: C:\Users\JonataoCardoso\Documents\GitHub\affiliate-management\.venv\Lib\site-packages\botocore\data\endpoints.json
2026-05-09 16:16:40 | DEBUG    | logging:callHandlers:1736 - Loading JSON file: C:\Users\JonataoCardoso\Documents\GitHub\affiliate-management\.venv\Lib\site-packages\botocore\data\sdk-default-configuration.json
2026-05-09 16:16:40 | DEBUG    | logging:callHandlers:1736 - Event choose-service-name: calling handler <function handle_service_name_alias at 0x000001D920FC51C0>
2026-05-09 16:16:41 | DEBUG    | logging:callHandlers:1736 - Loading JSON file: C:\Users\JonataoCardoso\Documents\GitHub\affiliate-management\.venv\Lib\site-packages\botocore\data\s3\2006-03-01\service-2.json.gz
2026-05-09 16:16:41 | DEBUG    | logging:callHandlers:1736 - Loading JSON file: C:\Users\JonataoCardoso\Documents\GitHub\affiliate-management\.venv\Lib\site-packages\botocore\data\s3\2006-03-01\endpoint-rule-set-1.json.gz
2026-05-09 16:16:41 | DEBUG    | logging:callHandlers:1736 - Loading JSON file: C:\Users\JonataoCardoso\Documents\GitHub\affiliate-management\.venv\Lib\site-packages\botocore\data\partitions.json
2026-05-09 16:16:41 | DEBUG    | logging:callHandlers:1736 - Event creating-client-class.s3: calling handler <function add_generate_presigned_post at 0x000001D920F1E0C0>
2026-05-09 16:16:41 | DEBUG    | logging:callHandlers:1736 - Event creating-client-class.s3: calling handler <function lazy_call.<locals>._handler at 0x000001D92101BD80>
2026-05-09 16:16:42 | DEBUG    | logging:callHandlers:1736 - Event creating-client-class.s3: calling handler <function add_generate_presigned_url at 0x000001D920F1DE40>
2026-05-09 16:16:42 | DEBUG    | logging:callHandlers:1736 - Creating a regex based endpoint for s3, auto
2026-05-09 16:16:42 | DEBUG    | logging:callHandlers:1736 - Setting s3 timeout as (60, 60)
2026-05-09 16:16:42 | DEBUG    | logging:callHandlers:1736 - Loading JSON file: C:\Users\JonataoCardoso\Documents\GitHub\affiliate-management\.venv\Lib\site-packages\botocore\data\_retry.json
2026-05-09 16:16:42 | DEBUG    | logging:callHandlers:1736 - Registering retry handlers for service: s3
2026-05-09 16:16:42 | DEBUG    | logging:callHandlers:1736 - Registering S3 region redirector handler
2026-05-09 16:16:42 | DEBUG    | logging:callHandlers:1736 - Registering S3Express Identity Resolver
2026-05-09 16:16:43 | DEBUG    | logging:callHandlers:1736 - Event before-parameter-build.s3.PutObject: calling handler <function validate_ascii_metadata at 0x000001D920FC67A0>
2026-05-09 16:16:43 | DEBUG    | logging:callHandlers:1736 - Event before-parameter-build.s3.PutObject: calling handler <function sse_md5 at 0x000001D920FC5A80>
2026-05-09 16:16:43 | DEBUG    | logging:callHandlers:1736 - Event before-parameter-build.s3.PutObject: calling handler <function convert_body_to_file_like_object at 0x000001D920FC71A0>
2026-05-09 16:16:43 | DEBUG    | logging:callHandlers:1736 - Event before-parameter-build.s3.PutObject: calling handler <function validate_bucket_name at 0x000001D920FC59E0>
2026-05-09 16:16:43 | DEBUG    | logging:callHandlers:1736 - Event before-parameter-build.s3.PutObject: calling handler <function remove_bucket_from_url_paths_from_model at 0x000001D920FC7BA0>
2026-05-09 16:16:43 | DEBUG    | logging:callHandlers:1736 - Event before-parameter-build.s3.PutObject: calling handler <bound method S3RegionRedirectorv2.annotate_request_context of <botocore.utils.S3RegionRedirectorv2 object at 0x000001D9216CBE00>>
2026-05-09 16:16:43 | DEBUG    | logging:callHandlers:1736 - Event before-parameter-build.s3.PutObject: calling handler <bound method ClientCreator._inject_s3_input_parameters of <botocore.client.ClientCreator object at 0x000001D921061D30>>
2026-05-09 16:16:43 | DEBUG    | logging:callHandlers:1736 - Event before-parameter-build.s3.PutObject: calling handler <function generate_idempotent_uuid at 0x000001D920FC5800>
2026-05-09 16:16:43 | DEBUG    | logging:callHandlers:1736 - Event before-endpoint-resolution.s3: calling handler <function customize_endpoint_resolver_builtins at 0x000001D920FC7D80>
2026-05-09 16:16:43 | DEBUG    | logging:callHandlers:1736 - Event before-endpoint-resolution.s3: calling handler <bound method S3RegionRedirectorv2.redirect_from_cache of <botocore.utils.S3RegionRedirectorv2 object at 0x000001D9216CBE00>>
2026-05-09 16:16:43 | DEBUG    | logging:callHandlers:1736 - Calling endpoint provider with parameters: {'Bucket': 'mindware-affiliates', 'Region': 'auto', 'UseFIPS': False, 'UseDualStack': False, 'Endpoint': 'https://your-account-id.r2.cloudflarestorage.com', 'ForcePathStyle': True, 'Accelerate': False, 'UseGlobalEndpoint': False, 'Key': 'proofs/8288aea0-b684-4749-b46c-4c3bf39f77e4.pdf', 'DisableMultiRegionAccessPoints': False, 'UseArnRegion': True}
2026-05-09 16:16:43 | DEBUG    | logging:callHandlers:1736 - Endpoint provider result: https://your-account-id.r2.cloudflarestorage.com/mindware-affiliates
2026-05-09 16:16:43 | DEBUG    | logging:callHandlers:1736 - Selecting from endpoint provider's list of auth schemes: "sigv4". User selected auth scheme is: "s3v4"
2026-05-09 16:16:43 | DEBUG    | logging:callHandlers:1736 - Selected auth type "v4" as "s3v4" with signing context params: {'region': 'auto', 'signing_name': 's3', 'disableDoubleEncoding': True}
2026-05-09 16:16:43 | DEBUG    | logging:callHandlers:1736 - Event before-call.s3.PutObject: calling handler <function conditionally_calculate_checksum at 0x000001D920D53CE0>
2026-05-09 16:16:43 | DEBUG    | logging:callHandlers:1736 - Event before-call.s3.PutObject: calling handler <function add_expect_header at 0x000001D920FC5DA0>
2026-05-09 16:16:43 | DEBUG    | logging:callHandlers:1736 - Adding expect 100 continue header to request.
2026-05-09 16:16:43 | DEBUG    | logging:callHandlers:1736 - Event before-call.s3.PutObject: calling handler <bound method S3ExpressIdentityResolver.apply_signing_cache_key of <botocore.utils.S3ExpressIdentityResolver object at 0x000001D921974050>>
2026-05-09 16:16:43 | DEBUG    | logging:callHandlers:1736 - Event before-call.s3.PutObject: calling handler <function add_recursion_detection_header at 0x000001D920FC5440>
2026-05-09 16:16:43 | DEBUG    | logging:callHandlers:1736 - Event before-call.s3.PutObject: calling handler <function inject_api_version_header_if_needed at 0x000001D920FC72E0>
2026-05-09 16:16:43 | DEBUG    | logging:callHandlers:1736 - Making request for OperationModel(name=PutObject) with params: {'url_path': '/proofs/8288aea0-b684-4749-b46c-4c3bf39f77e4.pdf', 'query_string': {}, 'method': 'PUT', 'headers': {'Content-Type': 'application/pdf', 'User-Agent': 'Boto3/1.34.44 md/Botocore#1.34.162 ua/2.0 os/windows#11 md/arch#amd64 lang/python#3.13.1 md/pyimpl#CPython cfg/retry-mode#legacy Botocore/1.34.162', 'Content-MD5': 'ofvg6+XsZ5iRBJ/HqOqs6g==', 'Expect': '100-continue'}, 'body': <_io.BytesIO object at 0x000001D921EA2570>, 'auth_path': '/mindware-affiliates/proofs/8288aea0-b684-4749-b46c-4c3bf39f77e4.pdf', 'url': 'https://your-account-id.r2.cloudflarestorage.com/mindware-affiliates/proofs/8288aea0-b684-4749-b46c-4c3bf39f77e4.pdf', 'context': {'client_region': 'auto', 'client_config': <botocore.config.Config object at 0x000001D92163AD50>, 'has_streaming_input': True, 'auth_type': 's3v4', 's3_redirect': {'redirected': False, 'bucket': 'mindware-affiliates', 'params': {'Bucket': 'mindware-affiliates', 'Key': 'proofs/8288aea0-b684-4749-b46c-4c3bf39f77e4.pdf', 'Body': <_io.BytesIO object at 0x000001D921EA2570>, 'ContentType': 'application/pdf'}}, 'input_params': {'Bucket': 'mindware-affiliates', 'Key': 'proofs/8288aea0-b684-4749-b46c-4c3bf39f77e4.pdf'}, 'signing': {'region': 'auto', 'signing_name': 's3', 'disableDoubleEncoding': True}, 'endpoint_properties': {'authSchemes': [{'disableDoubleEncoding': True, 'name': 'sigv4', 'signingName': 's3', 'signingRegion': 'auto'}]}}}
2026-05-09 16:16:43 | DEBUG    | logging:callHandlers:1736 - Event request-created.s3.PutObject: calling handler <bound method RequestSigner.handler of <botocore.signers.RequestSigner object at 0x000001D9216C9A90>>
2026-05-09 16:16:43 | DEBUG    | logging:callHandlers:1736 - Event choose-signer.s3.PutObject: calling handler <function set_operation_specific_signer at 0x000001D920FC56C0>
2026-05-09 16:16:43 | DEBUG    | logging:callHandlers:1736 - Event before-sign.s3.PutObject: calling handler <function remove_arn_from_signing_path at 0x000001D920FC7CE0>
2026-05-09 16:16:43 | DEBUG    | logging:callHandlers:1736 - Event before-sign.s3.PutObject: calling handler <bound method S3ExpressIdentityResolver.resolve_s3express_identity of <botocore.utils.S3ExpressIdentityResolver object at 0x000001D921974050>>
2026-05-09 16:16:43 | DEBUG    | logging:callHandlers:1736 - Calculating signature using v4 auth.
2026-05-09 16:16:43 | DEBUG    | logging:callHandlers:1736 - CanonicalRequest:
PUT
/mindware-affiliates/proofs/8288aea0-b684-4749-b46c-4c3bf39f77e4.pdf

content-md5:ofvg6+XsZ5iRBJ/HqOqs6g==
content-type:application/pdf
host:your-account-id.r2.cloudflarestorage.com
x-amz-content-sha256:UNSIGNED-PAYLOAD
x-amz-date:20260509T151643Z

content-md5;content-type;host;x-amz-content-sha256;x-amz-date
UNSIGNED-PAYLOAD
2026-05-09 16:16:43 | DEBUG    | logging:callHandlers:1736 - StringToSign:
AWS4-HMAC-SHA256
20260509T151643Z
20260509/auto/s3/aws4_request
288ccc20302b6fb78283882e12d046fa9b3237abc6e04cdd9b1bff8c824cc3c8
2026-05-09 16:16:43 | DEBUG    | logging:callHandlers:1736 - Signature:
00ec57df6da4fca63bcceb9650a833b30117879fb211301786c217d60ffecfa7
2026-05-09 16:16:43 | DEBUG    | logging:callHandlers:1736 - Event request-created.s3.PutObject: calling handler <function add_retry_headers at 0x000001D920FC7B00>
2026-05-09 16:16:43 | DEBUG    | logging:callHandlers:1736 - Sending http request: <AWSPreparedRequest stream_output=False, method=PUT, url=https://your-account-id.r2.cloudflarestorage.com/mindware-affiliates/proofs/8288aea0-b684-4749-b46c-4c3bf39f77e4.pdf, headers={'Content-Type': b'application/pdf', 'User-Agent': b'Boto3/1.34.44 md/Botocore#1.34.162 ua/2.0 os/windows#11 md/arch#amd64 lang/python#3.13.1 md/pyimpl#CPython cfg/retry-mode#legacy Botocore/1.34.162', 'Content-MD5': b'ofvg6+XsZ5iRBJ/HqOqs6g==', 'Expect': b'100-continue', 'X-Amz-Date': b'20260509T151643Z', 'X-Amz-Content-SHA256': b'UNSIGNED-PAYLOAD', 'Authorization': b'AWS4-HMAC-SHA256 Credential=your-access-key/20260509/auto/s3/aws4_request, SignedHeaders=content-md5;content-type;host;x-amz-content-sha256;x-amz-date, Signature=00ec57df6da4fca63bcceb9650a833b30117879fb211301786c217d60ffecfa7', 'amz-sdk-invocation-id': b'ff121650-060b-4f0b-80d6-faf11cb290dc', 'amz-sdk-request': b'attempt=1', 'Content-Length': '39948'}>
2026-05-09 16:16:43 | DEBUG    | logging:callHandlers:1736 - Certificate path: C:\Users\JonataoCardoso\Documents\GitHub\affiliate-management\.venv\Lib\site-packages\certifi\cacert.pem
2026-05-09 16:16:43 | DEBUG    | logging:callHandlers:1736 - Starting new HTTPS connection (1): your-account-id.r2.cloudflarestorage.com:443
2026-05-09 16:16:45 | DEBUG    | logging:callHandlers:1736 - Exception received when sending HTTP request.
Traceback (most recent call last):

  File "C:\Users\JonataoCardoso\Documents\GitHub\affiliate-management\.venv\Lib\site-packages\urllib3\connectionpool.py", line 464, in _make_request
    self._validate_conn(conn)
  File "C:\Users\JonataoCardoso\Documents\GitHub\affiliate-management\.venv\Lib\site-packages\urllib3\connectionpool.py", line 1093, in _validate_conn
    conn.connect()
  File "C:\Users\JonataoCardoso\Documents\GitHub\affiliate-management\.venv\Lib\site-packages\urllib3\connection.py", line 796, in connect
    sock_and_verified = _ssl_wrap_socket_and_match_hostname(
  File "C:\Users\JonataoCardoso\Documents\GitHub\affiliate-management\.venv\Lib\site-packages\urllib3\connection.py", line 975, in _ssl_wrap_socket_and_match_hostname
    ssl_sock = ssl_wrap_socket(
  File "C:\Users\JonataoCardoso\Documents\GitHub\affiliate-management\.venv\Lib\site-packages\urllib3\util\ssl_.py", line 483, in ssl_wrap_socket
    ssl_sock = _ssl_wrap_socket_impl(sock, context, tls_in_tls, server_hostname)
  File "C:\Users\JonataoCardoso\Documents\GitHub\affiliate-management\.venv\Lib\site-packages\urllib3\util\ssl_.py", line 527, in _ssl_wrap_socket_impl
    return ssl_context.wrap_socket(sock, server_hostname=server_hostname)
  File "C:\Python313\Lib\ssl.py", line 455, in wrap_socket
    return self.sslsocket_class._create(
  File "C:\Python313\Lib\ssl.py", line 1076, in _create
    self.do_handshake()
  File "C:\Python313\Lib\ssl.py", line 1372, in do_handshake
    self._sslobj.do_handshake()

ssl.SSLError: [SSL: SSLV3_ALERT_HANDSHAKE_FAILURE] sslv3 alert handshake failure (_ssl.c:1018)


During handling of the above exception, another exception occurred:


Traceback (most recent call last):

  File "C:\Users\JonataoCardoso\Documents\GitHub\affiliate-management\.venv\Lib\site-packages\botocore\httpsession.py", line 464, in send
    urllib_response = conn.urlopen(
  File "C:\Users\JonataoCardoso\Documents\GitHub\affiliate-management\.venv\Lib\site-packages\urllib3\connectionpool.py", line 841, in urlopen
    retries = retries.increment(
  File "C:\Users\JonataoCardoso\Documents\GitHub\affiliate-management\.venv\Lib\site-packages\urllib3\util\retry.py", line 465, in increment
    raise reraise(type(error), error, _stacktrace)
  File "C:\Users\JonataoCardoso\Documents\GitHub\affiliate-management\.venv\Lib\site-packages\urllib3\util\util.py", line 39, in reraise
    raise value
  File "C:\Users\JonataoCardoso\Documents\GitHub\affiliate-management\.venv\Lib\site-packages\urllib3\connectionpool.py", line 787, in urlopen
    response = self._make_request(
  File "C:\Users\JonataoCardoso\Documents\GitHub\affiliate-management\.venv\Lib\site-packages\urllib3\connectionpool.py", line 488, in _make_request
    raise new_e

urllib3.exceptions.SSLError: [SSL: SSLV3_ALERT_HANDSHAKE_FAILURE] sslv3 alert handshake failure (_ssl.c:1018)


During handling of the above exception, another exception occurred:


Traceback (most recent call last):

  File "<string>", line 1, in <module>
    from multiprocessing.spawn import spawn_main; spawn_main(parent_pid=30488, pipe_handle=584)
  File "C:\Python313\Lib\multiprocessing\spawn.py", line 122, in spawn_main
    exitcode = _main(fd, parent_sentinel)
  File "C:\Python313\Lib\multiprocessing\spawn.py", line 135, in _main
    return self._bootstrap(parent_sentinel)
  File "C:\Python313\Lib\multiprocessing\process.py", line 313, in _bootstrap
    self.run()
  File "C:\Python313\Lib\multiprocessing\process.py", line 108, in run
    self._target(*self._args, **self._kwargs)
  File "C:\Users\JonataoCardoso\Documents\GitHub\affiliate-management\.venv\Lib\site-packages\uvicorn\_subprocess.py", line 78, in subprocess_started
    target(sockets=sockets)
  File "C:\Users\JonataoCardoso\Documents\GitHub\affiliate-management\.venv\Lib\site-packages\uvicorn\server.py", line 62, in run
    return asyncio.run(self.serve(sockets=sockets))
  File "C:\Python313\Lib\asyncio\runners.py", line 194, in run
    return runner.run(main)
  File "C:\Python313\Lib\asyncio\runners.py", line 118, in run
    return self._loop.run_until_complete(task)
  File "C:\Python313\Lib\asyncio\base_events.py", line 707, in run_until_complete
    self.run_forever()
  File "C:\Python313\Lib\asyncio\base_events.py", line 678, in run_forever
    self._run_once()
  File "C:\Python313\Lib\asyncio\base_events.py", line 2033, in _run_once
    handle._run()
  File "C:\Python313\Lib\asyncio\events.py", line 89, in _run
    self._context.run(self._callback, *self._args)
  File "C:\Users\JonataoCardoso\Documents\GitHub\affiliate-management\.venv\Lib\site-packages\starlette\middleware\base.py", line 149, in coro
    await self.app(scope, receive_or_disconnect, send_no_error)
  File "C:\Users\JonataoCardoso\Documents\GitHub\affiliate-management\.venv\Lib\site-packages\starlette\middleware\exceptions.py", line 62, in __call__
    await wrap_app_handling_exceptions(self.app, conn)(scope, receive, send)
  File "C:\Users\JonataoCardoso\Documents\GitHub\affiliate-management\.venv\Lib\site-packages\starlette\_exception_handler.py", line 51, in wrapped_app
    await app(scope, receive, sender)
  File "C:\Users\JonataoCardoso\Documents\GitHub\affiliate-management\.venv\Lib\site-packages\starlette\routing.py", line 715, in __call__
    await self.middleware_stack(scope, receive, send)
  File "C:\Users\JonataoCardoso\Documents\GitHub\affiliate-management\.venv\Lib\site-packages\starlette\routing.py", line 735, in app
    await route.handle(scope, receive, send)
  File "C:\Users\JonataoCardoso\Documents\GitHub\affiliate-management\.venv\Lib\site-packages\starlette\routing.py", line 288, in handle
    await self.app(scope, receive, send)
  File "C:\Users\JonataoCardoso\Documents\GitHub\affiliate-management\.venv\Lib\site-packages\starlette\routing.py", line 76, in app
    await wrap_app_handling_exceptions(app, request)(scope, receive, send)
  File "C:\Users\JonataoCardoso\Documents\GitHub\affiliate-management\.venv\Lib\site-packages\starlette\_exception_handler.py", line 51, in wrapped_app
    await app(scope, receive, sender)
  File "C:\Users\JonataoCardoso\Documents\GitHub\affiliate-management\.venv\Lib\site-packages\starlette\routing.py", line 73, in app
    response = await f(request)
  File "C:\Users\JonataoCardoso\Documents\GitHub\affiliate-management\.venv\Lib\site-packages\fastapi\routing.py", line 301, in app
    raw_response = await run_endpoint_function(
  File "C:\Users\JonataoCardoso\Documents\GitHub\affiliate-management\.venv\Lib\site-packages\fastapi\routing.py", line 212, in run_endpoint_function
    return await dependant.call(**values)

  File "C:\Users\JonataoCardoso\Documents\GitHub\affiliate-management\app\routers\admin\withdrawals.py", line 52, in approve_withdrawal
    proof_url = await storage_service.upload_file(file)

  File "C:\Users\JonataoCardoso\Documents\GitHub\affiliate-management\app\services\storage_service.py", line 31, in upload_file
    self.s3.put_object(

  File "C:\Users\JonataoCardoso\Documents\GitHub\affiliate-management\.venv\Lib\site-packages\botocore\client.py", line 565, in _api_call
    return self._make_api_call(operation_name, kwargs)
  File "C:\Users\JonataoCardoso\Documents\GitHub\affiliate-management\.venv\Lib\site-packages\botocore\client.py", line 999, in _make_api_call
    http, parsed_response = self._make_request(
  File "C:\Users\JonataoCardoso\Documents\GitHub\affiliate-management\.venv\Lib\site-packages\botocore\client.py", line 1023, in _make_request
    return self._endpoint.make_request(operation_model, request_dict)
  File "C:\Users\JonataoCardoso\Documents\GitHub\affiliate-management\.venv\Lib\site-packages\botocore\endpoint.py", line 119, in make_request
    return self._send_request(request_dict, operation_model)
  File "C:\Users\JonataoCardoso\Documents\GitHub\affiliate-management\.venv\Lib\site-packages\botocore\endpoint.py", line 197, in _send_request
    success_response, exception = self._get_response(
  File "C:\Users\JonataoCardoso\Documents\GitHub\affiliate-management\.venv\Lib\site-packages\botocore\endpoint.py", line 239, in _get_response
    success_response, exception = self._do_get_response(
> File "C:\Users\JonataoCardoso\Documents\GitHub\affiliate-management\.venv\Lib\site-packages\botocore\endpoint.py", line 279, in _do_get_response
    http_response = self._send(request)
  File "C:\Users\JonataoCardoso\Documents\GitHub\affiliate-management\.venv\Lib\site-packages\botocore\endpoint.py", line 375, in _send
    return self.http_session.send(request)
  File "C:\Users\JonataoCardoso\Documents\GitHub\affiliate-management\.venv\Lib\site-packages\botocore\httpsession.py", line 491, in send
    raise SSLError(endpoint_url=request.url, error=e)

botocore.exceptions.SSLError: SSL validation failed for https://your-account-id.r2.cloudflarestorage.com/mindware-affiliates/proofs/8288aea0-b684-4749-b46c-4c3bf39f77e4.pdf [SSL: SSLV3_ALERT_HANDSHAKE_FAILURE] sslv3 alert handshake failure (_ssl.c:1018)
2026-05-09 16:16:46 | DEBUG    | logging:callHandlers:1736 - Event needs-retry.s3.PutObject: calling handler <botocore.retryhandler.RetryHandler object at 0x000001D9216CBCB0>
2026-05-09 16:16:46 | DEBUG    | logging:callHandlers:1736 - retry needed, retryable exception caught: SSL validation failed for https://your-account-id.r2.cloudflarestorage.com/mindware-affiliates/proofs/8288aea0-b684-4749-b46c-4c3bf39f77e4.pdf [SSL: SSLV3_ALERT_HANDSHAKE_FAILURE] sslv3 alert handshake failure (_ssl.c:1018)
Traceback (most recent call last):

  File "C:\Users\JonataoCardoso\Documents\GitHub\affiliate-management\.venv\Lib\site-packages\urllib3\connectionpool.py", line 464, in _make_request
    self._validate_conn(conn)
  File "C:\Users\JonataoCardoso\Documents\GitHub\affiliate-management\.venv\Lib\site-packages\urllib3\connectionpool.py", line 1093, in _validate_conn
    conn.connect()
  File "C:\Users\JonataoCardoso\Documents\GitHub\affiliate-management\.venv\Lib\site-packages\urllib3\connection.py", line 796, in connect
    sock_and_verified = _ssl_wrap_socket_and_match_hostname(
  File "C:\Users\JonataoCardoso\Documents\GitHub\affiliate-management\.venv\Lib\site-packages\urllib3\connection.py", line 975, in _ssl_wrap_socket_and_match_hostname
    ssl_sock = ssl_wrap_socket(
  File "C:\Users\JonataoCardoso\Documents\GitHub\affiliate-management\.venv\Lib\site-packages\urllib3\util\ssl_.py", line 483, in ssl_wrap_socket
    ssl_sock = _ssl_wrap_socket_impl(sock, context, tls_in_tls, server_hostname)
  File "C:\Users\JonataoCardoso\Documents\GitHub\affiliate-management\.venv\Lib\site-packages\urllib3\util\ssl_.py", line 527, in _ssl_wrap_socket_impl
    return ssl_context.wrap_socket(sock, server_hostname=server_hostname)
  File "C:\Python313\Lib\ssl.py", line 455, in wrap_socket
    return self.sslsocket_class._create(
  File "C:\Python313\Lib\ssl.py", line 1076, in _create
    self.do_handshake()
  File "C:\Python313\Lib\ssl.py", line 1372, in do_handshake
    self._sslobj.do_handshake()

ssl.SSLError: [SSL: SSLV3_ALERT_HANDSHAKE_FAILURE] sslv3 alert handshake failure (_ssl.c:1018)


During handling of the above exception, another exception occurred:


Traceback (most recent call last):

  File "C:\Users\JonataoCardoso\Documents\GitHub\affiliate-management\.venv\Lib\site-packages\botocore\httpsession.py", line 464, in send
    urllib_response = conn.urlopen(
  File "C:\Users\JonataoCardoso\Documents\GitHub\affiliate-management\.venv\Lib\site-packages\urllib3\connectionpool.py", line 841, in urlopen
    retries = retries.increment(
  File "C:\Users\JonataoCardoso\Documents\GitHub\affiliate-management\.venv\Lib\site-packages\urllib3\util\retry.py", line 465, in increment
    raise reraise(type(error), error, _stacktrace)
  File "C:\Users\JonataoCardoso\Documents\GitHub\affiliate-management\.venv\Lib\site-packages\urllib3\util\util.py", line 39, in reraise
    raise value
  File "C:\Users\JonataoCardoso\Documents\GitHub\affiliate-management\.venv\Lib\site-packages\urllib3\connectionpool.py", line 787, in urlopen
    response = self._make_request(
  File "C:\Users\JonataoCardoso\Documents\GitHub\affiliate-management\.venv\Lib\site-packages\urllib3\connectionpool.py", line 488, in _make_request
    raise new_e

urllib3.exceptions.SSLError: [SSL: SSLV3_ALERT_HANDSHAKE_FAILURE] sslv3 alert handshake failure (_ssl.c:1018)


During handling of the above exception, another exception occurred:


Traceback (most recent call last):

  File "<string>", line 1, in <module>
    from multiprocessing.spawn import spawn_main; spawn_main(parent_pid=30488, pipe_handle=584)
  File "C:\Python313\Lib\multiprocessing\spawn.py", line 122, in spawn_main
    exitcode = _main(fd, parent_sentinel)
  File "C:\Python313\Lib\multiprocessing\spawn.py", line 135, in _main
    return self._bootstrap(parent_sentinel)
  File "C:\Python313\Lib\multiprocessing\process.py", line 313, in _bootstrap
    self.run()
  File "C:\Python313\Lib\multiprocessing\process.py", line 108, in run
    self._target(*self._args, **self._kwargs)
  File "C:\Users\JonataoCardoso\Documents\GitHub\affiliate-management\.venv\Lib\site-packages\uvicorn\_subprocess.py", line 78, in subprocess_started
    target(sockets=sockets)
  File "C:\Users\JonataoCardoso\Documents\GitHub\affiliate-management\.venv\Lib\site-packages\uvicorn\server.py", line 62, in run
    return asyncio.run(self.serve(sockets=sockets))
  File "C:\Python313\Lib\asyncio\runners.py", line 194, in run
    return runner.run(main)
  File "C:\Python313\Lib\asyncio\runners.py", line 118, in run
    return self._loop.run_until_complete(task)
  File "C:\Python313\Lib\asyncio\base_events.py", line 707, in run_until_complete
    self.run_forever()
  File "C:\Python313\Lib\asyncio\base_events.py", line 678, in run_forever
    self._run_once()
  File "C:\Python313\Lib\asyncio\base_events.py", line 2033, in _run_once
    handle._run()
  File "C:\Python313\Lib\asyncio\events.py", line 89, in _run
    self._context.run(self._callback, *self._args)
  File "C:\Users\JonataoCardoso\Documents\GitHub\affiliate-management\.venv\Lib\site-packages\starlette\middleware\base.py", line 149, in coro
    await self.app(scope, receive_or_disconnect, send_no_error)
  File "C:\Users\JonataoCardoso\Documents\GitHub\affiliate-management\.venv\Lib\site-packages\starlette\middleware\exceptions.py", line 62, in __call__
    await wrap_app_handling_exceptions(self.app, conn)(scope, receive, send)
  File "C:\Users\JonataoCardoso\Documents\GitHub\affiliate-management\.venv\Lib\site-packages\starlette\_exception_handler.py", line 51, in wrapped_app
    await app(scope, receive, sender)
  File "C:\Users\JonataoCardoso\Documents\GitHub\affiliate-management\.venv\Lib\site-packages\starlette\routing.py", line 715, in __call__
    await self.middleware_stack(scope, receive, send)
  File "C:\Users\JonataoCardoso\Documents\GitHub\affiliate-management\.venv\Lib\site-packages\starlette\routing.py", line 735, in app
    await route.handle(scope, receive, send)
  File "C:\Users\JonataoCardoso\Documents\GitHub\affiliate-management\.venv\Lib\site-packages\starlette\routing.py", line 288, in handle
    await self.app(scope, receive, send)
  File "C:\Users\JonataoCardoso\Documents\GitHub\affiliate-management\.venv\Lib\site-packages\starlette\routing.py", line 76, in app
    await wrap_app_handling_exceptions(app, request)(scope, receive, send)
  File "C:\Users\JonataoCardoso\Documents\GitHub\affiliate-management\.venv\Lib\site-packages\starlette\_exception_handler.py", line 51, in wrapped_app
    await app(scope, receive, sender)
  File "C:\Users\JonataoCardoso\Documents\GitHub\affiliate-management\.venv\Lib\site-packages\starlette\routing.py", line 73, in app
    response = await f(request)
  File "C:\Users\JonataoCardoso\Documents\GitHub\affiliate-management\.venv\Lib\site-packages\fastapi\routing.py", line 301, in app
    raw_response = await run_endpoint_function(
  File "C:\Users\JonataoCardoso\Documents\GitHub\affiliate-management\.venv\Lib\site-packages\fastapi\routing.py", line 212, in run_endpoint_function
    return await dependant.call(**values)

  File "C:\Users\JonataoCardoso\Documents\GitHub\affiliate-management\app\routers\admin\withdrawals.py", line 52, in approve_withdrawal
    proof_url = await storage_service.upload_file(file)

  File "C:\Users\JonataoCardoso\Documents\GitHub\affiliate-management\app\services\storage_service.py", line 31, in upload_file
    self.s3.put_object(

  File "C:\Users\JonataoCardoso\Documents\GitHub\affiliate-management\.venv\Lib\site-packages\botocore\client.py", line 565, in _api_call
    return self._make_api_call(operation_name, kwargs)
  File "C:\Users\JonataoCardoso\Documents\GitHub\affiliate-management\.venv\Lib\site-packages\botocore\client.py", line 999, in _make_api_call
    http, parsed_response = self._make_request(
  File "C:\Users\JonataoCardoso\Documents\GitHub\affiliate-management\.venv\Lib\site-packages\botocore\client.py", line 1023, in _make_request
    return self._endpoint.make_request(operation_model, request_dict)
  File "C:\Users\JonataoCardoso\Documents\GitHub\affiliate-management\.venv\Lib\site-packages\botocore\endpoint.py", line 119, in make_request
    return self._send_request(request_dict, operation_model)
  File "C:\Users\JonataoCardoso\Documents\GitHub\affiliate-management\.venv\Lib\site-packages\botocore\endpoint.py", line 200, in _send_request
    while self._needs_retry(
  File "C:\Users\JonataoCardoso\Documents\GitHub\affiliate-management\.venv\Lib\site-packages\botocore\endpoint.py", line 352, in _needs_retry
    responses = self._event_emitter.emit(
  File "C:\Users\JonataoCardoso\Documents\GitHub\affiliate-management\.venv\Lib\site-packages\botocore\hooks.py", line 412, in emit
    return self._emitter.emit(aliased_event_name, **kwargs)
  File "C:\Users\JonataoCardoso\Documents\GitHub\affiliate-management\.venv\Lib\site-packages\botocore\hooks.py", line 256, in emit
    return self._emit(event_name, kwargs)
  File "C:\Users\JonataoCardoso\Documents\GitHub\affiliate-management\.venv\Lib\site-packages\botocore\hooks.py", line 239, in _emit
    response = handler(**kwargs)
  File "C:\Users\JonataoCardoso\Documents\GitHub\affiliate-management\.venv\Lib\site-packages\botocore\retryhandler.py", line 207, in __call__
    if self._checker(**checker_kwargs):
  File "C:\Users\JonataoCardoso\Documents\GitHub\affiliate-management\.venv\Lib\site-packages\botocore\retryhandler.py", line 284, in __call__
    should_retry = self._should_retry(
> File "C:\Users\JonataoCardoso\Documents\GitHub\affiliate-management\.venv\Lib\site-packages\botocore\retryhandler.py", line 307, in _should_retry
    return self._checker(
  File "C:\Users\JonataoCardoso\Documents\GitHub\affiliate-management\.venv\Lib\site-packages\botocore\retryhandler.py", line 363, in __call__
    checker_response = checker(
  File "C:\Users\JonataoCardoso\Documents\GitHub\affiliate-management\.venv\Lib\site-packages\botocore\retryhandler.py", line 247, in __call__
    return self._check_caught_exception(
  File "C:\Users\JonataoCardoso\Documents\GitHub\affiliate-management\.venv\Lib\site-packages\botocore\retryhandler.py", line 416, in _check_caught_exception
    raise caught_exception
  File "C:\Users\JonataoCardoso\Documents\GitHub\affiliate-management\.venv\Lib\site-packages\botocore\endpoint.py", line 279, in _do_get_response
    http_response = self._send(request)
  File "C:\Users\JonataoCardoso\Documents\GitHub\affiliate-management\.venv\Lib\site-packages\botocore\endpoint.py", line 375, in _send
    return self.http_session.send(request)
  File "C:\Users\JonataoCardoso\Documents\GitHub\affiliate-management\.venv\Lib\site-packages\botocore\httpsession.py", line 491, in send
    raise SSLError(endpoint_url=request.url, error=e)

botocore.exceptions.SSLError: SSL validation failed for https://your-account-id.r2.cloudflarestorage.com/mindware-affiliates/proofs/8288aea0-b684-4749-b46c-4c3bf39f77e4.pdf [SSL: SSLV3_ALERT_HANDSHAKE_FAILURE] sslv3 alert handshake failure (_ssl.c:1018)
2026-05-09 16:16:46 | DEBUG    | logging:callHandlers:1736 - Retry needed, action of: 0.9880132892882532
2026-05-09 16:16:46 | DEBUG    | logging:callHandlers:1736 - Event needs-retry.s3.PutObject: calling handler <bound method S3RegionRedirectorv2.redirect_from_error of <botocore.utils.S3RegionRedirectorv2 object at 0x000001D9216CBE00>>
2026-05-09 16:16:46 | DEBUG    | logging:callHandlers:1736 - Response received to retry, sleeping for 0.9880132892882532 seconds
2026-05-09 16:16:47 | DEBUG    | logging:callHandlers:1736 - Rewinding stream: <_io.BytesIO object at 0x000001D921EA2570>
2026-05-09 16:16:47 | DEBUG    | logging:callHandlers:1736 - Event request-created.s3.PutObject: calling handler <bound method RequestSigner.handler of <botocore.signers.RequestSigner object at 0x000001D9216C9A90>>
2026-05-09 16:16:47 | DEBUG    | logging:callHandlers:1736 - Event choose-signer.s3.PutObject: calling handler <function set_operation_specific_signer at 0x000001D920FC56C0>
2026-05-09 16:16:47 | DEBUG    | logging:callHandlers:1736 - Event before-sign.s3.PutObject: calling handler <function remove_arn_from_signing_path at 0x000001D920FC7CE0>
2026-05-09 16:16:47 | DEBUG    | logging:callHandlers:1736 - Event before-sign.s3.PutObject: calling handler <bound method S3ExpressIdentityResolver.resolve_s3express_identity of <botocore.utils.S3ExpressIdentityResolver object at 0x000001D921974050>>
2026-05-09 16:16:47 | DEBUG    | logging:callHandlers:1736 - Calculating signature using v4 auth.
2026-05-09 16:16:47 | DEBUG    | logging:callHandlers:1736 - CanonicalRequest:
PUT
/mindware-affiliates/proofs/8288aea0-b684-4749-b46c-4c3bf39f77e4.pdf

content-md5:ofvg6+XsZ5iRBJ/HqOqs6g==
content-type:application/pdf
host:your-account-id.r2.cloudflarestorage.com
x-amz-content-sha256:UNSIGNED-PAYLOAD
x-amz-date:20260509T151647Z

content-md5;content-type;host;x-amz-content-sha256;x-amz-date
UNSIGNED-PAYLOAD
2026-05-09 16:16:47 | DEBUG    | logging:callHandlers:1736 - StringToSign:
AWS4-HMAC-SHA256
20260509T151647Z
20260509/auto/s3/aws4_request
b86d304f3171646bba8513f734c57e9ccb4553108b5c42adc5d320b33c56ac4b
2026-05-09 16:16:47 | DEBUG    | logging:callHandlers:1736 - Signature:
5493e70b7679d22baa2845066705b59793ae455f3659e347993461cd484dafbc
2026-05-09 16:16:47 | DEBUG    | logging:callHandlers:1736 - Event request-created.s3.PutObject: calling handler <function add_retry_headers at 0x000001D920FC7B00>
2026-05-09 16:16:47 | DEBUG    | logging:callHandlers:1736 - Sending http request: <AWSPreparedRequest stream_output=False, method=PUT, url=https://your-account-id.r2.cloudflarestorage.com/mindware-affiliates/proofs/8288aea0-b684-4749-b46c-4c3bf39f77e4.pdf, headers={'Content-Type': b'application/pdf', 'User-Agent': b'Boto3/1.34.44 md/Botocore#1.34.162 ua/2.0 os/windows#11 md/arch#amd64 lang/python#3.13.1 md/pyimpl#CPython cfg/retry-mode#legacy Botocore/1.34.162', 'Content-MD5': b'ofvg6+XsZ5iRBJ/HqOqs6g==', 'Expect': b'100-continue', 'X-Amz-Date': b'20260509T151647Z', 'X-Amz-Content-SHA256': b'UNSIGNED-PAYLOAD', 'Authorization': b'AWS4-HMAC-SHA256 Credential=your-access-key/20260509/auto/s3/aws4_request, SignedHeaders=content-md5;content-type;host;x-amz-content-sha256;x-amz-date, Signature=5493e70b7679d22baa2845066705b59793ae455f3659e347993461cd484dafbc', 'amz-sdk-invocation-id': b'ff121650-060b-4f0b-80d6-faf11cb290dc', 'amz-sdk-request': b'attempt=2; max=5', 'Content-Length': '39948'}>
2026-05-09 16:16:47 | DEBUG    | logging:callHandlers:1736 - Certificate path: C:\Users\JonataoCardoso\Documents\GitHub\affiliate-management\.venv\Lib\site-packages\certifi\cacert.pem
2026-05-09 16:16:47 | DEBUG    | logging:callHandlers:1736 - Starting new HTTPS connection (2): your-account-id.r2.cloudflarestorage.com:443
2026-05-09 16:16:49 | DEBUG    | logging:callHandlers:1736 - Exception received when sending HTTP request.
Traceback (most recent call last):

  File "C:\Users\JonataoCardoso\Documents\GitHub\affiliate-management\.venv\Lib\site-packages\urllib3\connectionpool.py", line 464, in _make_request
    self._validate_conn(conn)
  File "C:\Users\JonataoCardoso\Documents\GitHub\affiliate-management\.venv\Lib\site-packages\urllib3\connectionpool.py", line 1093, in _validate_conn
    conn.connect()
  File "C:\Users\JonataoCardoso\Documents\GitHub\affiliate-management\.venv\Lib\site-packages\urllib3\connection.py", line 796, in connect
    sock_and_verified = _ssl_wrap_socket_and_match_hostname(
  File "C:\Users\JonataoCardoso\Documents\GitHub\affiliate-management\.venv\Lib\site-packages\urllib3\connection.py", line 975, in _ssl_wrap_socket_and_match_hostname
    ssl_sock = ssl_wrap_socket(
  File "C:\Users\JonataoCardoso\Documents\GitHub\affiliate-management\.venv\Lib\site-packages\urllib3\util\ssl_.py", line 483, in ssl_wrap_socket
    ssl_sock = _ssl_wrap_socket_impl(sock, context, tls_in_tls, server_hostname)
  File "C:\Users\JonataoCardoso\Documents\GitHub\affiliate-management\.venv\Lib\site-packages\urllib3\util\ssl_.py", line 527, in _ssl_wrap_socket_impl
    return ssl_context.wrap_socket(sock, server_hostname=server_hostname)
  File "C:\Python313\Lib\ssl.py", line 455, in wrap_socket
    return self.sslsocket_class._create(
  File "C:\Python313\Lib\ssl.py", line 1076, in _create
    self.do_handshake()
  File "C:\Python313\Lib\ssl.py", line 1372, in do_handshake
    self._sslobj.do_handshake()

ssl.SSLError: [SSL: SSLV3_ALERT_HANDSHAKE_FAILURE] sslv3 alert handshake failure (_ssl.c:1018)


During handling of the above exception, another exception occurred:


Traceback (most recent call last):

  File "C:\Users\JonataoCardoso\Documents\GitHub\affiliate-management\.venv\Lib\site-packages\botocore\httpsession.py", line 464, in send
    urllib_response = conn.urlopen(
  File "C:\Users\JonataoCardoso\Documents\GitHub\affiliate-management\.venv\Lib\site-packages\urllib3\connectionpool.py", line 841, in urlopen
    retries = retries.increment(
  File "C:\Users\JonataoCardoso\Documents\GitHub\affiliate-management\.venv\Lib\site-packages\urllib3\util\retry.py", line 465, in increment
    raise reraise(type(error), error, _stacktrace)
  File "C:\Users\JonataoCardoso\Documents\GitHub\affiliate-management\.venv\Lib\site-packages\urllib3\util\util.py", line 39, in reraise
    raise value
  File "C:\Users\JonataoCardoso\Documents\GitHub\affiliate-management\.venv\Lib\site-packages\urllib3\connectionpool.py", line 787, in urlopen
    response = self._make_request(
  File "C:\Users\JonataoCardoso\Documents\GitHub\affiliate-management\.venv\Lib\site-packages\urllib3\connectionpool.py", line 488, in _make_request
    raise new_e

urllib3.exceptions.SSLError: [SSL: SSLV3_ALERT_HANDSHAKE_FAILURE] sslv3 alert handshake failure (_ssl.c:1018)


During handling of the above exception, another exception occurred:


Traceback (most recent call last):

  File "<string>", line 1, in <module>
    from multiprocessing.spawn import spawn_main; spawn_main(parent_pid=30488, pipe_handle=584)
  File "C:\Python313\Lib\multiprocessing\spawn.py", line 122, in spawn_main
    exitcode = _main(fd, parent_sentinel)
  File "C:\Python313\Lib\multiprocessing\spawn.py", line 135, in _main
    return self._bootstrap(parent_sentinel)
  File "C:\Python313\Lib\multiprocessing\process.py", line 313, in _bootstrap
    self.run()
  File "C:\Python313\Lib\multiprocessing\process.py", line 108, in run
    self._target(*self._args, **self._kwargs)
  File "C:\Users\JonataoCardoso\Documents\GitHub\affiliate-management\.venv\Lib\site-packages\uvicorn\_subprocess.py", line 78, in subprocess_started
    target(sockets=sockets)
  File "C:\Users\JonataoCardoso\Documents\GitHub\affiliate-management\.venv\Lib\site-packages\uvicorn\server.py", line 62, in run
    return asyncio.run(self.serve(sockets=sockets))
  File "C:\Python313\Lib\asyncio\runners.py", line 194, in run
    return runner.run(main)
  File "C:\Python313\Lib\asyncio\runners.py", line 118, in run
    return self._loop.run_until_complete(task)
  File "C:\Python313\Lib\asyncio\base_events.py", line 707, in run_until_complete
    self.run_forever()
  File "C:\Python313\Lib\asyncio\base_events.py", line 678, in run_forever
    self._run_once()
  File "C:\Python313\Lib\asyncio\base_events.py", line 2033, in _run_once
    handle._run()
  File "C:\Python313\Lib\asyncio\events.py", line 89, in _run
    self._context.run(self._callback, *self._args)
  File "C:\Users\JonataoCardoso\Documents\GitHub\affiliate-management\.venv\Lib\site-packages\starlette\middleware\base.py", line 149, in coro
    await self.app(scope, receive_or_disconnect, send_no_error)
  File "C:\Users\JonataoCardoso\Documents\GitHub\affiliate-management\.venv\Lib\site-packages\starlette\middleware\exceptions.py", line 62, in __call__
    await wrap_app_handling_exceptions(self.app, conn)(scope, receive, send)
  File "C:\Users\JonataoCardoso\Documents\GitHub\affiliate-management\.venv\Lib\site-packages\starlette\_exception_handler.py", line 51, in wrapped_app
    await app(scope, receive, sender)
  File "C:\Users\JonataoCardoso\Documents\GitHub\affiliate-management\.venv\Lib\site-packages\starlette\routing.py", line 715, in __call__
    await self.middleware_stack(scope, receive, send)
  File "C:\Users\JonataoCardoso\Documents\GitHub\affiliate-management\.venv\Lib\site-packages\starlette\routing.py", line 735, in app
    await route.handle(scope, receive, send)
  File "C:\Users\JonataoCardoso\Documents\GitHub\affiliate-management\.venv\Lib\site-packages\starlette\routing.py", line 288, in handle
    await self.app(scope, receive, send)
  File "C:\Users\JonataoCardoso\Documents\GitHub\affiliate-management\.venv\Lib\site-packages\starlette\routing.py", line 76, in app
    await wrap_app_handling_exceptions(app, request)(scope, receive, send)
  File "C:\Users\JonataoCardoso\Documents\GitHub\affiliate-management\.venv\Lib\site-packages\starlette\_exception_handler.py", line 51, in wrapped_app
    await app(scope, receive, sender)
  File "C:\Users\JonataoCardoso\Documents\GitHub\affiliate-management\.venv\Lib\site-packages\starlette\routing.py", line 73, in app
    response = await f(request)
  File "C:\Users\JonataoCardoso\Documents\GitHub\affiliate-management\.venv\Lib\site-packages\fastapi\routing.py", line 301, in app
    raw_response = await run_endpoint_function(
  File "C:\Users\JonataoCardoso\Documents\GitHub\affiliate-management\.venv\Lib\site-packages\fastapi\routing.py", line 212, in run_endpoint_function
    return await dependant.call(**values)

  File "C:\Users\JonataoCardoso\Documents\GitHub\affiliate-management\app\routers\admin\withdrawals.py", line 52, in approve_withdrawal
    proof_url = await storage_service.upload_file(file)

  File "C:\Users\JonataoCardoso\Documents\GitHub\affiliate-management\app\services\storage_service.py", line 31, in upload_file
    self.s3.put_object(

  File "C:\Users\JonataoCardoso\Documents\GitHub\affiliate-management\.venv\Lib\site-packages\botocore\client.py", line 565, in _api_call
    return self._make_api_call(operation_name, kwargs)
  File "C:\Users\JonataoCardoso\Documents\GitHub\affiliate-management\.venv\Lib\site-packages\botocore\client.py", line 999, in _make_api_call
    http, parsed_response = self._make_request(
  File "C:\Users\JonataoCardoso\Documents\GitHub\affiliate-management\.venv\Lib\site-packages\botocore\client.py", line 1023, in _make_request
    return self._endpoint.make_request(operation_model, request_dict)
  File "C:\Users\JonataoCardoso\Documents\GitHub\affiliate-management\.venv\Lib\site-packages\botocore\endpoint.py", line 119, in make_request
    return self._send_request(request_dict, operation_model)
  File "C:\Users\JonataoCardoso\Documents\GitHub\affiliate-management\.venv\Lib\site-packages\botocore\endpoint.py", line 216, in _send_request
    success_response, exception = self._get_response(
  File "C:\Users\JonataoCardoso\Documents\GitHub\affiliate-management\.venv\Lib\site-packages\botocore\endpoint.py", line 239, in _get_response
    success_response, exception = self._do_get_response(
> File "C:\Users\JonataoCardoso\Documents\GitHub\affiliate-management\.venv\Lib\site-packages\botocore\endpoint.py", line 279, in _do_get_response
    http_response = self._send(request)
  File "C:\Users\JonataoCardoso\Documents\GitHub\affiliate-management\.venv\Lib\site-packages\botocore\endpoint.py", line 375, in _send
    return self.http_session.send(request)
  File "C:\Users\JonataoCardoso\Documents\GitHub\affiliate-management\.venv\Lib\site-packages\botocore\httpsession.py", line 491, in send
    raise SSLError(endpoint_url=request.url, error=e)

botocore.exceptions.SSLError: SSL validation failed for https://your-account-id.r2.cloudflarestorage.com/mindware-affiliates/proofs/8288aea0-b684-4749-b46c-4c3bf39f77e4.pdf [SSL: SSLV3_ALERT_HANDSHAKE_FAILURE] sslv3 alert handshake failure (_ssl.c:1018)
2026-05-09 16:16:49 | DEBUG    | logging:callHandlers:1736 - Event needs-retry.s3.PutObject: calling handler <botocore.retryhandler.RetryHandler object at 0x000001D9216CBCB0>
2026-05-09 16:16:49 | DEBUG    | logging:callHandlers:1736 - retry needed, retryable exception caught: SSL validation failed for https://your-account-id.r2.cloudflarestorage.com/mindware-affiliates/proofs/8288aea0-b684-4749-b46c-4c3bf39f77e4.pdf [SSL: SSLV3_ALERT_HANDSHAKE_FAILURE] sslv3 alert handshake failure (_ssl.c:1018)
Traceback (most recent call last):

  File "C:\Users\JonataoCardoso\Documents\GitHub\affiliate-management\.venv\Lib\site-packages\urllib3\connectionpool.py", line 464, in _make_request
    self._validate_conn(conn)
  File "C:\Users\JonataoCardoso\Documents\GitHub\affiliate-management\.venv\Lib\site-packages\urllib3\connectionpool.py", line 1093, in _validate_conn
    conn.connect()
  File "C:\Users\JonataoCardoso\Documents\GitHub\affiliate-management\.venv\Lib\site-packages\urllib3\connection.py", line 796, in connect
    sock_and_verified = _ssl_wrap_socket_and_match_hostname(
  File "C:\Users\JonataoCardoso\Documents\GitHub\affiliate-management\.venv\Lib\site-packages\urllib3\connection.py", line 975, in _ssl_wrap_socket_and_match_hostname
    ssl_sock = ssl_wrap_socket(
  File "C:\Users\JonataoCardoso\Documents\GitHub\affiliate-management\.venv\Lib\site-packages\urllib3\util\ssl_.py", line 483, in ssl_wrap_socket
    ssl_sock = _ssl_wrap_socket_impl(sock, context, tls_in_tls, server_hostname)
  File "C:\Users\JonataoCardoso\Documents\GitHub\affiliate-management\.venv\Lib\site-packages\urllib3\util\ssl_.py", line 527, in _ssl_wrap_socket_impl
    return ssl_context.wrap_socket(sock, server_hostname=server_hostname)
  File "C:\Python313\Lib\ssl.py", line 455, in wrap_socket
    return self.sslsocket_class._create(
  File "C:\Python313\Lib\ssl.py", line 1076, in _create
    self.do_handshake()
  File "C:\Python313\Lib\ssl.py", line 1372, in do_handshake
    self._sslobj.do_handshake()

ssl.SSLError: [SSL: SSLV3_ALERT_HANDSHAKE_FAILURE] sslv3 alert handshake failure (_ssl.c:1018)


During handling of the above exception, another exception occurred:


Traceback (most recent call last):

  File "C:\Users\JonataoCardoso\Documents\GitHub\affiliate-management\.venv\Lib\site-packages\botocore\httpsession.py", line 464, in send
    urllib_response = conn.urlopen(
  File "C:\Users\JonataoCardoso\Documents\GitHub\affiliate-management\.venv\Lib\site-packages\urllib3\connectionpool.py", line 841, in urlopen
    retries = retries.increment(
  File "C:\Users\JonataoCardoso\Documents\GitHub\affiliate-management\.venv\Lib\site-packages\urllib3\util\retry.py", line 465, in increment
    raise reraise(type(error), error, _stacktrace)
  File "C:\Users\JonataoCardoso\Documents\GitHub\affiliate-management\.venv\Lib\site-packages\urllib3\util\util.py", line 39, in reraise
    raise value
  File "C:\Users\JonataoCardoso\Documents\GitHub\affiliate-management\.venv\Lib\site-packages\urllib3\connectionpool.py", line 787, in urlopen
    response = self._make_request(
  File "C:\Users\JonataoCardoso\Documents\GitHub\affiliate-management\.venv\Lib\site-packages\urllib3\connectionpool.py", line 488, in _make_request
    raise new_e

urllib3.exceptions.SSLError: [SSL: SSLV3_ALERT_HANDSHAKE_FAILURE] sslv3 alert handshake failure (_ssl.c:1018)


During handling of the above exception, another exception occurred:


Traceback (most recent call last):

  File "<string>", line 1, in <module>
    from multiprocessing.spawn import spawn_main; spawn_main(parent_pid=30488, pipe_handle=584)
  File "C:\Python313\Lib\multiprocessing\spawn.py", line 122, in spawn_main
    exitcode = _main(fd, parent_sentinel)
  File "C:\Python313\Lib\multiprocessing\spawn.py", line 135, in _main
    return self._bootstrap(parent_sentinel)
  File "C:\Python313\Lib\multiprocessing\process.py", line 313, in _bootstrap
    self.run()
  File "C:\Python313\Lib\multiprocessing\process.py", line 108, in run
    self._target(*self._args, **self._kwargs)
  File "C:\Users\JonataoCardoso\Documents\GitHub\affiliate-management\.venv\Lib\site-packages\uvicorn\_subprocess.py", line 78, in subprocess_started
    target(sockets=sockets)
  File "C:\Users\JonataoCardoso\Documents\GitHub\affiliate-management\.venv\Lib\site-packages\uvicorn\server.py", line 62, in run
    return asyncio.run(self.serve(sockets=sockets))
  File "C:\Python313\Lib\asyncio\runners.py", line 194, in run
    return runner.run(main)
  File "C:\Python313\Lib\asyncio\runners.py", line 118, in run
    return self._loop.run_until_complete(task)
  File "C:\Python313\Lib\asyncio\base_events.py", line 707, in run_until_complete
    self.run_forever()
  File "C:\Python313\Lib\asyncio\base_events.py", line 678, in run_forever
    self._run_once()
  File "C:\Python313\Lib\asyncio\base_events.py", line 2033, in _run_once
    handle._run()
  File "C:\Python313\Lib\asyncio\events.py", line 89, in _run
    self._context.run(self._callback, *self._args)
  File "C:\Users\JonataoCardoso\Documents\GitHub\affiliate-management\.venv\Lib\site-packages\starlette\middleware\base.py", line 149, in coro
    await self.app(scope, receive_or_disconnect, send_no_error)
  File "C:\Users\JonataoCardoso\Documents\GitHub\affiliate-management\.venv\Lib\site-packages\starlette\middleware\exceptions.py", line 62, in __call__
    await wrap_app_handling_exceptions(self.app, conn)(scope, receive, send)
  File "C:\Users\JonataoCardoso\Documents\GitHub\affiliate-management\.venv\Lib\site-packages\starlette\_exception_handler.py", line 51, in wrapped_app
    await app(scope, receive, sender)
  File "C:\Users\JonataoCardoso\Documents\GitHub\affiliate-management\.venv\Lib\site-packages\starlette\routing.py", line 715, in __call__
    await self.middleware_stack(scope, receive, send)
  File "C:\Users\JonataoCardoso\Documents\GitHub\affiliate-management\.venv\Lib\site-packages\starlette\routing.py", line 735, in app
    await route.handle(scope, receive, send)
  File "C:\Users\JonataoCardoso\Documents\GitHub\affiliate-management\.venv\Lib\site-packages\starlette\routing.py", line 288, in handle
    await self.app(scope, receive, send)
  File "C:\Users\JonataoCardoso\Documents\GitHub\affiliate-management\.venv\Lib\site-packages\starlette\routing.py", line 76, in app
    await wrap_app_handling_exceptions(app, request)(scope, receive, send)
  File "C:\Users\JonataoCardoso\Documents\GitHub\affiliate-management\.venv\Lib\site-packages\starlette\_exception_handler.py", line 51, in wrapped_app
    await app(scope, receive, sender)
  File "C:\Users\JonataoCardoso\Documents\GitHub\affiliate-management\.venv\Lib\site-packages\starlette\routing.py", line 73, in app
    response = await f(request)
  File "C:\Users\JonataoCardoso\Documents\GitHub\affiliate-management\.venv\Lib\site-packages\fastapi\routing.py", line 301, in app
    raw_response = await run_endpoint_function(
  File "C:\Users\JonataoCardoso\Documents\GitHub\affiliate-management\.venv\Lib\site-packages\fastapi\routing.py", line 212, in run_endpoint_function
    return await dependant.call(**values)

  File "C:\Users\JonataoCardoso\Documents\GitHub\affiliate-management\app\routers\admin\withdrawals.py", line 52, in approve_withdrawal
    proof_url = await storage_service.upload_file(file)

  File "C:\Users\JonataoCardoso\Documents\GitHub\affiliate-management\app\services\storage_service.py", line 31, in upload_file
    self.s3.put_object(

  File "C:\Users\JonataoCardoso\Documents\GitHub\affiliate-management\.venv\Lib\site-packages\botocore\client.py", line 565, in _api_call
    return self._make_api_call(operation_name, kwargs)
  File "C:\Users\JonataoCardoso\Documents\GitHub\affiliate-management\.venv\Lib\site-packages\botocore\client.py", line 999, in _make_api_call
    http, parsed_response = self._make_request(
  File "C:\Users\JonataoCardoso\Documents\GitHub\affiliate-management\.venv\Lib\site-packages\botocore\client.py", line 1023, in _make_request
    return self._endpoint.make_request(operation_model, request_dict)
  File "C:\Users\JonataoCardoso\Documents\GitHub\affiliate-management\.venv\Lib\site-packages\botocore\endpoint.py", line 119, in make_request
    return self._send_request(request_dict, operation_model)
  File "C:\Users\JonataoCardoso\Documents\GitHub\affiliate-management\.venv\Lib\site-packages\botocore\endpoint.py", line 200, in _send_request
    while self._needs_retry(
  File "C:\Users\JonataoCardoso\Documents\GitHub\affiliate-management\.venv\Lib\site-packages\botocore\endpoint.py", line 352, in _needs_retry
    responses = self._event_emitter.emit(
  File "C:\Users\JonataoCardoso\Documents\GitHub\affiliate-management\.venv\Lib\site-packages\botocore\hooks.py", line 412, in emit
    return self._emitter.emit(aliased_event_name, **kwargs)
  File "C:\Users\JonataoCardoso\Documents\GitHub\affiliate-management\.venv\Lib\site-packages\botocore\hooks.py", line 256, in emit
    return self._emit(event_name, kwargs)
  File "C:\Users\JonataoCardoso\Documents\GitHub\affiliate-management\.venv\Lib\site-packages\botocore\hooks.py", line 239, in _emit
    response = handler(**kwargs)
  File "C:\Users\JonataoCardoso\Documents\GitHub\affiliate-management\.venv\Lib\site-packages\botocore\retryhandler.py", line 207, in __call__
    if self._checker(**checker_kwargs):
  File "C:\Users\JonataoCardoso\Documents\GitHub\affiliate-management\.venv\Lib\site-packages\botocore\retryhandler.py", line 284, in __call__
    should_retry = self._should_retry(
> File "C:\Users\JonataoCardoso\Documents\GitHub\affiliate-management\.venv\Lib\site-packages\botocore\retryhandler.py", line 307, in _should_retry
    return self._checker(
  File "C:\Users\JonataoCardoso\Documents\GitHub\affiliate-management\.venv\Lib\site-packages\botocore\retryhandler.py", line 363, in __call__
    checker_response = checker(
  File "C:\Users\JonataoCardoso\Documents\GitHub\affiliate-management\.venv\Lib\site-packages\botocore\retryhandler.py", line 247, in __call__
    return self._check_caught_exception(
  File "C:\Users\JonataoCardoso\Documents\GitHub\affiliate-management\.venv\Lib\site-packages\botocore\retryhandler.py", line 416, in _check_caught_exception
    raise caught_exception
  File "C:\Users\JonataoCardoso\Documents\GitHub\affiliate-management\.venv\Lib\site-packages\botocore\endpoint.py", line 279, in _do_get_response
    http_response = self._send(request)
  File "C:\Users\JonataoCardoso\Documents\GitHub\affiliate-management\.venv\Lib\site-packages\botocore\endpoint.py", line 375, in _send
    return self.http_session.send(request)
  File "C:\Users\JonataoCardoso\Documents\GitHub\affiliate-management\.venv\Lib\site-packages\botocore\httpsession.py", line 491, in send
    raise SSLError(endpoint_url=request.url, error=e)

botocore.exceptions.SSLError: SSL validation failed for https://your-account-id.r2.cloudflarestorage.com/mindware-affiliates/proofs/8288aea0-b684-4749-b46c-4c3bf39f77e4.pdf [SSL: SSLV3_ALERT_HANDSHAKE_FAILURE] sslv3 alert handshake failure (_ssl.c:1018)
2026-05-09 16:16:49 | DEBUG    | logging:callHandlers:1736 - Retry needed, action of: 0.06707059493538958
2026-05-09 16:16:49 | DEBUG    | logging:callHandlers:1736 - Event needs-retry.s3.PutObject: calling handler <bound method S3RegionRedirectorv2.redirect_from_error of <botocore.utils.S3RegionRedirectorv2 object at 0x000001D9216CBE00>>
2026-05-09 16:16:49 | DEBUG    | logging:callHandlers:1736 - Response received to retry, sleeping for 0.06707059493538958 seconds
2026-05-09 16:16:49 | DEBUG    | logging:callHandlers:1736 - Rewinding stream: <_io.BytesIO object at 0x000001D921EA2570>
2026-05-09 16:16:49 | DEBUG    | logging:callHandlers:1736 - Event request-created.s3.PutObject: calling handler <bound method RequestSigner.handler of <botocore.signers.RequestSigner object at 0x000001D9216C9A90>>
2026-05-09 16:16:49 | DEBUG    | logging:callHandlers:1736 - Event choose-signer.s3.PutObject: calling handler <function set_operation_specific_signer at 0x000001D920FC56C0>
2026-05-09 16:16:49 | DEBUG    | logging:callHandlers:1736 - Event before-sign.s3.PutObject: calling handler <function remove_arn_from_signing_path at 0x000001D920FC7CE0>
2026-05-09 16:16:49 | DEBUG    | logging:callHandlers:1736 - Event before-sign.s3.PutObject: calling handler <bound method S3ExpressIdentityResolver.resolve_s3express_identity of <botocore.utils.S3ExpressIdentityResolver object at 0x000001D921974050>>
2026-05-09 16:16:49 | DEBUG    | logging:callHandlers:1736 - Calculating signature using v4 auth.
2026-05-09 16:16:49 | DEBUG    | logging:callHandlers:1736 - CanonicalRequest:
PUT
/mindware-affiliates/proofs/8288aea0-b684-4749-b46c-4c3bf39f77e4.pdf

content-md5:ofvg6+XsZ5iRBJ/HqOqs6g==
content-type:application/pdf
host:your-account-id.r2.cloudflarestorage.com
x-amz-content-sha256:UNSIGNED-PAYLOAD
x-amz-date:20260509T151649Z

content-md5;content-type;host;x-amz-content-sha256;x-amz-date
UNSIGNED-PAYLOAD
2026-05-09 16:16:49 | DEBUG    | logging:callHandlers:1736 - StringToSign:
AWS4-HMAC-SHA256
20260509T151649Z
20260509/auto/s3/aws4_request
700e76d66cfdbcfcf0369b4cce9215961f0ac2789d62d299f7a801985da8f03b
2026-05-09 16:16:49 | DEBUG    | logging:callHandlers:1736 - Signature:
ad1db3f8d02b21805af5bc9e519d7116e3ca6a9885de1000b6a359bde4dbb3eb
2026-05-09 16:16:49 | DEBUG    | logging:callHandlers:1736 - Event request-created.s3.PutObject: calling handler <function add_retry_headers at 0x000001D920FC7B00>
2026-05-09 16:16:49 | DEBUG    | logging:callHandlers:1736 - Sending http request: <AWSPreparedRequest stream_output=False, method=PUT, url=https://your-account-id.r2.cloudflarestorage.com/mindware-affiliates/proofs/8288aea0-b684-4749-b46c-4c3bf39f77e4.pdf, headers={'Content-Type': b'application/pdf', 'User-Agent': b'Boto3/1.34.44 md/Botocore#1.34.162 ua/2.0 os/windows#11 md/arch#amd64 lang/python#3.13.1 md/pyimpl#CPython cfg/retry-mode#legacy Botocore/1.34.162', 'Content-MD5': b'ofvg6+XsZ5iRBJ/HqOqs6g==', 'Expect': b'100-continue', 'X-Amz-Date': b'20260509T151649Z', 'X-Amz-Content-SHA256': b'UNSIGNED-PAYLOAD', 'Authorization': b'AWS4-HMAC-SHA256 Credential=your-access-key/20260509/auto/s3/aws4_request, SignedHeaders=content-md5;content-type;host;x-amz-content-sha256;x-amz-date, Signature=ad1db3f8d02b21805af5bc9e519d7116e3ca6a9885de1000b6a359bde4dbb3eb', 'amz-sdk-invocation-id': b'ff121650-060b-4f0b-80d6-faf11cb290dc', 'amz-sdk-request': b'attempt=3; max=5', 'Content-Length': '39948'}>
2026-05-09 16:16:49 | DEBUG    | logging:callHandlers:1736 - Certificate path: C:\Users\JonataoCardoso\Documents\GitHub\affiliate-management\.venv\Lib\site-packages\certifi\cacert.pem
2026-05-09 16:16:49 | DEBUG    | logging:callHandlers:1736 - Starting new HTTPS connection (3): your-account-id.r2.cloudflarestorage.com:443
2026-05-09 16:16:50 | DEBUG    | logging:callHandlers:1736 - Exception received when sending HTTP request.
Traceback (most recent call last):

  File "C:\Users\JonataoCardoso\Documents\GitHub\affiliate-management\.venv\Lib\site-packages\urllib3\connectionpool.py", line 464, in _make_request
    self._validate_conn(conn)
  File "C:\Users\JonataoCardoso\Documents\GitHub\affiliate-management\.venv\Lib\site-packages\urllib3\connectionpool.py", line 1093, in _validate_conn
    conn.connect()
  File "C:\Users\JonataoCardoso\Documents\GitHub\affiliate-management\.venv\Lib\site-packages\urllib3\connection.py", line 796, in connect
    sock_and_verified = _ssl_wrap_socket_and_match_hostname(
  File "C:\Users\JonataoCardoso\Documents\GitHub\affiliate-management\.venv\Lib\site-packages\urllib3\connection.py", line 975, in _ssl_wrap_socket_and_match_hostname
    ssl_sock = ssl_wrap_socket(
  File "C:\Users\JonataoCardoso\Documents\GitHub\affiliate-management\.venv\Lib\site-packages\urllib3\util\ssl_.py", line 483, in ssl_wrap_socket
    ssl_sock = _ssl_wrap_socket_impl(sock, context, tls_in_tls, server_hostname)
  File "C:\Users\JonataoCardoso\Documents\GitHub\affiliate-management\.venv\Lib\site-packages\urllib3\util\ssl_.py", line 527, in _ssl_wrap_socket_impl
    return ssl_context.wrap_socket(sock, server_hostname=server_hostname)
  File "C:\Python313\Lib\ssl.py", line 455, in wrap_socket
    return self.sslsocket_class._create(
  File "C:\Python313\Lib\ssl.py", line 1076, in _create
    self.do_handshake()
  File "C:\Python313\Lib\ssl.py", line 1372, in do_handshake
    self._sslobj.do_handshake()

ssl.SSLError: [SSL: SSLV3_ALERT_HANDSHAKE_FAILURE] sslv3 alert handshake failure (_ssl.c:1018)


During handling of the above exception, another exception occurred:


Traceback (most recent call last):

  File "C:\Users\JonataoCardoso\Documents\GitHub\affiliate-management\.venv\Lib\site-packages\botocore\httpsession.py", line 464, in send
    urllib_response = conn.urlopen(
  File "C:\Users\JonataoCardoso\Documents\GitHub\affiliate-management\.venv\Lib\site-packages\urllib3\connectionpool.py", line 841, in urlopen
    retries = retries.increment(
  File "C:\Users\JonataoCardoso\Documents\GitHub\affiliate-management\.venv\Lib\site-packages\urllib3\util\retry.py", line 465, in increment
    raise reraise(type(error), error, _stacktrace)
  File "C:\Users\JonataoCardoso\Documents\GitHub\affiliate-management\.venv\Lib\site-packages\urllib3\util\util.py", line 39, in reraise
    raise value
  File "C:\Users\JonataoCardoso\Documents\GitHub\affiliate-management\.venv\Lib\site-packages\urllib3\connectionpool.py", line 787, in urlopen
    response = self._make_request(
  File "C:\Users\JonataoCardoso\Documents\GitHub\affiliate-management\.venv\Lib\site-packages\urllib3\connectionpool.py", line 488, in _make_request
    raise new_e

urllib3.exceptions.SSLError: [SSL: SSLV3_ALERT_HANDSHAKE_FAILURE] sslv3 alert handshake failure (_ssl.c:1018)


During handling of the above exception, another exception occurred:


Traceback (most recent call last):

  File "<string>", line 1, in <module>
    from multiprocessing.spawn import spawn_main; spawn_main(parent_pid=30488, pipe_handle=584)
  File "C:\Python313\Lib\multiprocessing\spawn.py", line 122, in spawn_main
    exitcode = _main(fd, parent_sentinel)
  File "C:\Python313\Lib\multiprocessing\spawn.py", line 135, in _main
    return self._bootstrap(parent_sentinel)
  File "C:\Python313\Lib\multiprocessing\process.py", line 313, in _bootstrap
    self.run()
  File "C:\Python313\Lib\multiprocessing\process.py", line 108, in run
    self._target(*self._args, **self._kwargs)
  File "C:\Users\JonataoCardoso\Documents\GitHub\affiliate-management\.venv\Lib\site-packages\uvicorn\_subprocess.py", line 78, in subprocess_started
    target(sockets=sockets)
  File "C:\Users\JonataoCardoso\Documents\GitHub\affiliate-management\.venv\Lib\site-packages\uvicorn\server.py", line 62, in run
    return asyncio.run(self.serve(sockets=sockets))
  File "C:\Python313\Lib\asyncio\runners.py", line 194, in run
    return runner.run(main)
  File "C:\Python313\Lib\asyncio\runners.py", line 118, in run
    return self._loop.run_until_complete(task)
  File "C:\Python313\Lib\asyncio\base_events.py", line 707, in run_until_complete
    self.run_forever()
  File "C:\Python313\Lib\asyncio\base_events.py", line 678, in run_forever
    self._run_once()
  File "C:\Python313\Lib\asyncio\base_events.py", line 2033, in _run_once
    handle._run()
  File "C:\Python313\Lib\asyncio\events.py", line 89, in _run
    self._context.run(self._callback, *self._args)
  File "C:\Users\JonataoCardoso\Documents\GitHub\affiliate-management\.venv\Lib\site-packages\starlette\middleware\base.py", line 149, in coro
    await self.app(scope, receive_or_disconnect, send_no_error)
  File "C:\Users\JonataoCardoso\Documents\GitHub\affiliate-management\.venv\Lib\site-packages\starlette\middleware\exceptions.py", line 62, in __call__
    await wrap_app_handling_exceptions(self.app, conn)(scope, receive, send)
  File "C:\Users\JonataoCardoso\Documents\GitHub\affiliate-management\.venv\Lib\site-packages\starlette\_exception_handler.py", line 51, in wrapped_app
    await app(scope, receive, sender)
  File "C:\Users\JonataoCardoso\Documents\GitHub\affiliate-management\.venv\Lib\site-packages\starlette\routing.py", line 715, in __call__
    await self.middleware_stack(scope, receive, send)
  File "C:\Users\JonataoCardoso\Documents\GitHub\affiliate-management\.venv\Lib\site-packages\starlette\routing.py", line 735, in app
    await route.handle(scope, receive, send)
  File "C:\Users\JonataoCardoso\Documents\GitHub\affiliate-management\.venv\Lib\site-packages\starlette\routing.py", line 288, in handle
    await self.app(scope, receive, send)
  File "C:\Users\JonataoCardoso\Documents\GitHub\affiliate-management\.venv\Lib\site-packages\starlette\routing.py", line 76, in app
    await wrap_app_handling_exceptions(app, request)(scope, receive, send)
  File "C:\Users\JonataoCardoso\Documents\GitHub\affiliate-management\.venv\Lib\site-packages\starlette\_exception_handler.py", line 51, in wrapped_app
    await app(scope, receive, sender)
  File "C:\Users\JonataoCardoso\Documents\GitHub\affiliate-management\.venv\Lib\site-packages\starlette\routing.py", line 73, in app
    response = await f(request)
  File "C:\Users\JonataoCardoso\Documents\GitHub\affiliate-management\.venv\Lib\site-packages\fastapi\routing.py", line 301, in app
    raw_response = await run_endpoint_function(
  File "C:\Users\JonataoCardoso\Documents\GitHub\affiliate-management\.venv\Lib\site-packages\fastapi\routing.py", line 212, in run_endpoint_function
    return await dependant.call(**values)

  File "C:\Users\JonataoCardoso\Documents\GitHub\affiliate-management\app\routers\admin\withdrawals.py", line 52, in approve_withdrawal
    proof_url = await storage_service.upload_file(file)

  File "C:\Users\JonataoCardoso\Documents\GitHub\affiliate-management\app\services\storage_service.py", line 31, in upload_file
    self.s3.put_object(

  File "C:\Users\JonataoCardoso\Documents\GitHub\affiliate-management\.venv\Lib\site-packages\botocore\client.py", line 565, in _api_call
    return self._make_api_call(operation_name, kwargs)
  File "C:\Users\JonataoCardoso\Documents\GitHub\affiliate-management\.venv\Lib\site-packages\botocore\client.py", line 999, in _make_api_call
    http, parsed_response = self._make_request(
  File "C:\Users\JonataoCardoso\Documents\GitHub\affiliate-management\.venv\Lib\site-packages\botocore\client.py", line 1023, in _make_request
    return self._endpoint.make_request(operation_model, request_dict)
  File "C:\Users\JonataoCardoso\Documents\GitHub\affiliate-management\.venv\Lib\site-packages\botocore\endpoint.py", line 119, in make_request
    return self._send_request(request_dict, operation_model)
  File "C:\Users\JonataoCardoso\Documents\GitHub\affiliate-management\.venv\Lib\site-packages\botocore\endpoint.py", line 216, in _send_request
    success_response, exception = self._get_response(
  File "C:\Users\JonataoCardoso\Documents\GitHub\affiliate-management\.venv\Lib\site-packages\botocore\endpoint.py", line 239, in _get_response
    success_response, exception = self._do_get_response(
> File "C:\Users\JonataoCardoso\Documents\GitHub\affiliate-management\.venv\Lib\site-packages\botocore\endpoint.py", line 279, in _do_get_response
    http_response = self._send(request)
  File "C:\Users\JonataoCardoso\Documents\GitHub\affiliate-management\.venv\Lib\site-packages\botocore\endpoint.py", line 375, in _send
    return self.http_session.send(request)
  File "C:\Users\JonataoCardoso\Documents\GitHub\affiliate-management\.venv\Lib\site-packages\botocore\httpsession.py", line 491, in send
    raise SSLError(endpoint_url=request.url, error=e)

botocore.exceptions.SSLError: SSL validation failed for https://your-account-id.r2.cloudflarestorage.com/mindware-affiliates/proofs/8288aea0-b684-4749-b46c-4c3bf39f77e4.pdf [SSL: SSLV3_ALERT_HANDSHAKE_FAILURE] sslv3 alert handshake failure (_ssl.c:1018)
2026-05-09 16:16:50 | DEBUG    | logging:callHandlers:1736 - Event needs-retry.s3.PutObject: calling handler <botocore.retryhandler.RetryHandler object at 0x000001D9216CBCB0>
2026-05-09 16:16:50 | DEBUG    | logging:callHandlers:1736 - retry needed, retryable exception caught: SSL validation failed for https://your-account-id.r2.cloudflarestorage.com/mindware-affiliates/proofs/8288aea0-b684-4749-b46c-4c3bf39f77e4.pdf [SSL: SSLV3_ALERT_HANDSHAKE_FAILURE] sslv3 alert handshake failure (_ssl.c:1018)
Traceback (most recent call last):

  File "C:\Users\JonataoCardoso\Documents\GitHub\affiliate-management\.venv\Lib\site-packages\urllib3\connectionpool.py", line 464, in _make_request
    self._validate_conn(conn)
  File "C:\Users\JonataoCardoso\Documents\GitHub\affiliate-management\.venv\Lib\site-packages\urllib3\connectionpool.py", line 1093, in _validate_conn
    conn.connect()
  File "C:\Users\JonataoCardoso\Documents\GitHub\affiliate-management\.venv\Lib\site-packages\urllib3\connection.py", line 796, in connect
    sock_and_verified = _ssl_wrap_socket_and_match_hostname(
  File "C:\Users\JonataoCardoso\Documents\GitHub\affiliate-management\.venv\Lib\site-packages\urllib3\connection.py", line 975, in _ssl_wrap_socket_and_match_hostname
    ssl_sock = ssl_wrap_socket(
  File "C:\Users\JonataoCardoso\Documents\GitHub\affiliate-management\.venv\Lib\site-packages\urllib3\util\ssl_.py", line 483, in ssl_wrap_socket
    ssl_sock = _ssl_wrap_socket_impl(sock, context, tls_in_tls, server_hostname)
  File "C:\Users\JonataoCardoso\Documents\GitHub\affiliate-management\.venv\Lib\site-packages\urllib3\util\ssl_.py", line 527, in _ssl_wrap_socket_impl
    return ssl_context.wrap_socket(sock, server_hostname=server_hostname)
  File "C:\Python313\Lib\ssl.py", line 455, in wrap_socket
    return self.sslsocket_class._create(
  File "C:\Python313\Lib\ssl.py", line 1076, in _create
    self.do_handshake()
  File "C:\Python313\Lib\ssl.py", line 1372, in do_handshake
    self._sslobj.do_handshake()

ssl.SSLError: [SSL: SSLV3_ALERT_HANDSHAKE_FAILURE] sslv3 alert handshake failure (_ssl.c:1018)


During handling of the above exception, another exception occurred:


Traceback (most recent call last):

  File "C:\Users\JonataoCardoso\Documents\GitHub\affiliate-management\.venv\Lib\site-packages\botocore\httpsession.py", line 464, in send
    urllib_response = conn.urlopen(
  File "C:\Users\JonataoCardoso\Documents\GitHub\affiliate-management\.venv\Lib\site-packages\urllib3\connectionpool.py", line 841, in urlopen
    retries = retries.increment(
  File "C:\Users\JonataoCardoso\Documents\GitHub\affiliate-management\.venv\Lib\site-packages\urllib3\util\retry.py", line 465, in increment
    raise reraise(type(error), error, _stacktrace)
  File "C:\Users\JonataoCardoso\Documents\GitHub\affiliate-management\.venv\Lib\site-packages\urllib3\util\util.py", line 39, in reraise
    raise value
  File "C:\Users\JonataoCardoso\Documents\GitHub\affiliate-management\.venv\Lib\site-packages\urllib3\connectionpool.py", line 787, in urlopen
    response = self._make_request(
  File "C:\Users\JonataoCardoso\Documents\GitHub\affiliate-management\.venv\Lib\site-packages\urllib3\connectionpool.py", line 488, in _make_request
    raise new_e

urllib3.exceptions.SSLError: [SSL: SSLV3_ALERT_HANDSHAKE_FAILURE] sslv3 alert handshake failure (_ssl.c:1018)


During handling of the above exception, another exception occurred:


Traceback (most recent call last):

  File "<string>", line 1, in <module>
    from multiprocessing.spawn import spawn_main; spawn_main(parent_pid=30488, pipe_handle=584)
  File "C:\Python313\Lib\multiprocessing\spawn.py", line 122, in spawn_main
    exitcode = _main(fd, parent_sentinel)
  File "C:\Python313\Lib\multiprocessing\spawn.py", line 135, in _main
    return self._bootstrap(parent_sentinel)
  File "C:\Python313\Lib\multiprocessing\process.py", line 313, in _bootstrap
    self.run()
  File "C:\Python313\Lib\multiprocessing\process.py", line 108, in run
    self._target(*self._args, **self._kwargs)
  File "C:\Users\JonataoCardoso\Documents\GitHub\affiliate-management\.venv\Lib\site-packages\uvicorn\_subprocess.py", line 78, in subprocess_started
    target(sockets=sockets)
  File "C:\Users\JonataoCardoso\Documents\GitHub\affiliate-management\.venv\Lib\site-packages\uvicorn\server.py", line 62, in run
    return asyncio.run(self.serve(sockets=sockets))
  File "C:\Python313\Lib\asyncio\runners.py", line 194, in run
    return runner.run(main)
  File "C:\Python313\Lib\asyncio\runners.py", line 118, in run
    return self._loop.run_until_complete(task)
  File "C:\Python313\Lib\asyncio\base_events.py", line 707, in run_until_complete
    self.run_forever()
  File "C:\Python313\Lib\asyncio\base_events.py", line 678, in run_forever
    self._run_once()
  File "C:\Python313\Lib\asyncio\base_events.py", line 2033, in _run_once
    handle._run()
  File "C:\Python313\Lib\asyncio\events.py", line 89, in _run
    self._context.run(self._callback, *self._args)
  File "C:\Users\JonataoCardoso\Documents\GitHub\affiliate-management\.venv\Lib\site-packages\starlette\middleware\base.py", line 149, in coro
    await self.app(scope, receive_or_disconnect, send_no_error)
  File "C:\Users\JonataoCardoso\Documents\GitHub\affiliate-management\.venv\Lib\site-packages\starlette\middleware\exceptions.py", line 62, in __call__
    await wrap_app_handling_exceptions(self.app, conn)(scope, receive, send)
  File "C:\Users\JonataoCardoso\Documents\GitHub\affiliate-management\.venv\Lib\site-packages\starlette\_exception_handler.py", line 51, in wrapped_app
    await app(scope, receive, sender)
  File "C:\Users\JonataoCardoso\Documents\GitHub\affiliate-management\.venv\Lib\site-packages\starlette\routing.py", line 715, in __call__
    await self.middleware_stack(scope, receive, send)
  File "C:\Users\JonataoCardoso\Documents\GitHub\affiliate-management\.venv\Lib\site-packages\starlette\routing.py", line 735, in app
    await route.handle(scope, receive, send)
  File "C:\Users\JonataoCardoso\Documents\GitHub\affiliate-management\.venv\Lib\site-packages\starlette\routing.py", line 288, in handle
    await self.app(scope, receive, send)
  File "C:\Users\JonataoCardoso\Documents\GitHub\affiliate-management\.venv\Lib\site-packages\starlette\routing.py", line 76, in app
    await wrap_app_handling_exceptions(app, request)(scope, receive, send)
  File "C:\Users\JonataoCardoso\Documents\GitHub\affiliate-management\.venv\Lib\site-packages\starlette\_exception_handler.py", line 51, in wrapped_app
    await app(scope, receive, sender)
  File "C:\Users\JonataoCardoso\Documents\GitHub\affiliate-management\.venv\Lib\site-packages\starlette\routing.py", line 73, in app
    response = await f(request)
  File "C:\Users\JonataoCardoso\Documents\GitHub\affiliate-management\.venv\Lib\site-packages\fastapi\routing.py", line 301, in app
    raw_response = await run_endpoint_function(
  File "C:\Users\JonataoCardoso\Documents\GitHub\affiliate-management\.venv\Lib\site-packages\fastapi\routing.py", line 212, in run_endpoint_function
    return await dependant.call(**values)

  File "C:\Users\JonataoCardoso\Documents\GitHub\affiliate-management\app\routers\admin\withdrawals.py", line 52, in approve_withdrawal
    proof_url = await storage_service.upload_file(file)

  File "C:\Users\JonataoCardoso\Documents\GitHub\affiliate-management\app\services\storage_service.py", line 31, in upload_file
    self.s3.put_object(

  File "C:\Users\JonataoCardoso\Documents\GitHub\affiliate-management\.venv\Lib\site-packages\botocore\client.py", line 565, in _api_call
    return self._make_api_call(operation_name, kwargs)
  File "C:\Users\JonataoCardoso\Documents\GitHub\affiliate-management\.venv\Lib\site-packages\botocore\client.py", line 999, in _make_api_call
    http, parsed_response = self._make_request(
  File "C:\Users\JonataoCardoso\Documents\GitHub\affiliate-management\.venv\Lib\site-packages\botocore\client.py", line 1023, in _make_request
    return self._endpoint.make_request(operation_model, request_dict)
  File "C:\Users\JonataoCardoso\Documents\GitHub\affiliate-management\.venv\Lib\site-packages\botocore\endpoint.py", line 119, in make_request
    return self._send_request(request_dict, operation_model)
  File "C:\Users\JonataoCardoso\Documents\GitHub\affiliate-management\.venv\Lib\site-packages\botocore\endpoint.py", line 200, in _send_request
    while self._needs_retry(
  File "C:\Users\JonataoCardoso\Documents\GitHub\affiliate-management\.venv\Lib\site-packages\botocore\endpoint.py", line 352, in _needs_retry
    responses = self._event_emitter.emit(
  File "C:\Users\JonataoCardoso\Documents\GitHub\affiliate-management\.venv\Lib\site-packages\botocore\hooks.py", line 412, in emit
    return self._emitter.emit(aliased_event_name, **kwargs)
  File "C:\Users\JonataoCardoso\Documents\GitHub\affiliate-management\.venv\Lib\site-packages\botocore\hooks.py", line 256, in emit
    return self._emit(event_name, kwargs)
  File "C:\Users\JonataoCardoso\Documents\GitHub\affiliate-management\.venv\Lib\site-packages\botocore\hooks.py", line 239, in _emit
    response = handler(**kwargs)
  File "C:\Users\JonataoCardoso\Documents\GitHub\affiliate-management\.venv\Lib\site-packages\botocore\retryhandler.py", line 207, in __call__
    if self._checker(**checker_kwargs):
  File "C:\Users\JonataoCardoso\Documents\GitHub\affiliate-management\.venv\Lib\site-packages\botocore\retryhandler.py", line 284, in __call__
    should_retry = self._should_retry(
> File "C:\Users\JonataoCardoso\Documents\GitHub\affiliate-management\.venv\Lib\site-packages\botocore\retryhandler.py", line 307, in _should_retry
    return self._checker(
  File "C:\Users\JonataoCardoso\Documents\GitHub\affiliate-management\.venv\Lib\site-packages\botocore\retryhandler.py", line 363, in __call__
    checker_response = checker(
  File "C:\Users\JonataoCardoso\Documents\GitHub\affiliate-management\.venv\Lib\site-packages\botocore\retryhandler.py", line 247, in __call__
    return self._check_caught_exception(
  File "C:\Users\JonataoCardoso\Documents\GitHub\affiliate-management\.venv\Lib\site-packages\botocore\retryhandler.py", line 416, in _check_caught_exception
    raise caught_exception
  File "C:\Users\JonataoCardoso\Documents\GitHub\affiliate-management\.venv\Lib\site-packages\botocore\endpoint.py", line 279, in _do_get_response
    http_response = self._send(request)
  File "C:\Users\JonataoCardoso\Documents\GitHub\affiliate-management\.venv\Lib\site-packages\botocore\endpoint.py", line 375, in _send
    return self.http_session.send(request)
  File "C:\Users\JonataoCardoso\Documents\GitHub\affiliate-management\.venv\Lib\site-packages\botocore\httpsession.py", line 491, in send
    raise SSLError(endpoint_url=request.url, error=e)

botocore.exceptions.SSLError: SSL validation failed for https://your-account-id.r2.cloudflarestorage.com/mindware-affiliates/proofs/8288aea0-b684-4749-b46c-4c3bf39f77e4.pdf [SSL: SSLV3_ALERT_HANDSHAKE_FAILURE] sslv3 alert handshake failure (_ssl.c:1018)
2026-05-09 16:16:50 | DEBUG    | logging:callHandlers:1736 - Retry needed, action of: 2.796030679060864
2026-05-09 16:16:50 | DEBUG    | logging:callHandlers:1736 - Event needs-retry.s3.PutObject: calling handler <bound method S3RegionRedirectorv2.redirect_from_error of <botocore.utils.S3RegionRedirectorv2 object at 0x000001D9216CBE00>>
2026-05-09 16:16:50 | DEBUG    | logging:callHandlers:1736 - Response received to retry, sleeping for 2.796030679060864 seconds
2026-05-09 16:16:53 | DEBUG    | logging:callHandlers:1736 - Rewinding stream: <_io.BytesIO object at 0x000001D921EA2570>
2026-05-09 16:16:53 | DEBUG    | logging:callHandlers:1736 - Event request-created.s3.PutObject: calling handler <bound method RequestSigner.handler of <botocore.signers.RequestSigner object at 0x000001D9216C9A90>>
2026-05-09 16:16:53 | DEBUG    | logging:callHandlers:1736 - Event choose-signer.s3.PutObject: calling handler <function set_operation_specific_signer at 0x000001D920FC56C0>
2026-05-09 16:16:53 | DEBUG    | logging:callHandlers:1736 - Event before-sign.s3.PutObject: calling handler <function remove_arn_from_signing_path at 0x000001D920FC7CE0>
2026-05-09 16:16:53 | DEBUG    | logging:callHandlers:1736 - Event before-sign.s3.PutObject: calling handler <bound method S3ExpressIdentityResolver.resolve_s3express_identity of <botocore.utils.S3ExpressIdentityResolver object at 0x000001D921974050>>
2026-05-09 16:16:53 | DEBUG    | logging:callHandlers:1736 - Calculating signature using v4 auth.
2026-05-09 16:16:53 | DEBUG    | logging:callHandlers:1736 - CanonicalRequest:
PUT
/mindware-affiliates/proofs/8288aea0-b684-4749-b46c-4c3bf39f77e4.pdf

content-md5:ofvg6+XsZ5iRBJ/HqOqs6g==
content-type:application/pdf
host:your-account-id.r2.cloudflarestorage.com
x-amz-content-sha256:UNSIGNED-PAYLOAD
x-amz-date:20260509T151653Z

content-md5;content-type;host;x-amz-content-sha256;x-amz-date
UNSIGNED-PAYLOAD
2026-05-09 16:16:53 | DEBUG    | logging:callHandlers:1736 - StringToSign:
AWS4-HMAC-SHA256
20260509T151653Z
20260509/auto/s3/aws4_request
7ac5cee565a8b3b8f093097b5d207a38b522341da4b104c091dad17184677b24
2026-05-09 16:16:53 | DEBUG    | logging:callHandlers:1736 - Signature:
aad3d12374c1f0e15060a0a67aab566ffa12f3b7582e6ac4403cab550ca1d1ea
2026-05-09 16:16:53 | DEBUG    | logging:callHandlers:1736 - Event request-created.s3.PutObject: calling handler <function add_retry_headers at 0x000001D920FC7B00>
2026-05-09 16:16:53 | DEBUG    | logging:callHandlers:1736 - Sending http request: <AWSPreparedRequest stream_output=False, method=PUT, url=https://your-account-id.r2.cloudflarestorage.com/mindware-affiliates/proofs/8288aea0-b684-4749-b46c-4c3bf39f77e4.pdf, headers={'Content-Type': b'application/pdf', 'User-Agent': b'Boto3/1.34.44 md/Botocore#1.34.162 ua/2.0 os/windows#11 md/arch#amd64 lang/python#3.13.1 md/pyimpl#CPython cfg/retry-mode#legacy Botocore/1.34.162', 'Content-MD5': b'ofvg6+XsZ5iRBJ/HqOqs6g==', 'Expect': b'100-continue', 'X-Amz-Date': b'20260509T151653Z', 'X-Amz-Content-SHA256': b'UNSIGNED-PAYLOAD', 'Authorization': b'AWS4-HMAC-SHA256 Credential=your-access-key/20260509/auto/s3/aws4_request, SignedHeaders=content-md5;content-type;host;x-amz-content-sha256;x-amz-date, Signature=aad3d12374c1f0e15060a0a67aab566ffa12f3b7582e6ac4403cab550ca1d1ea', 'amz-sdk-invocation-id': b'ff121650-060b-4f0b-80d6-faf11cb290dc', 'amz-sdk-request': b'attempt=4; max=5', 'Content-Length': '39948'}>
2026-05-09 16:16:53 | DEBUG    | logging:callHandlers:1736 - Certificate path: C:\Users\JonataoCardoso\Documents\GitHub\affiliate-management\.venv\Lib\site-packages\certifi\cacert.pem
2026-05-09 16:16:53 | DEBUG    | logging:callHandlers:1736 - Starting new HTTPS connection (4): your-account-id.r2.cloudflarestorage.com:443
2026-05-09 16:16:55 | DEBUG    | logging:callHandlers:1736 - Exception received when sending HTTP request.
Traceback (most recent call last):

  File "C:\Users\JonataoCardoso\Documents\GitHub\affiliate-management\.venv\Lib\site-packages\urllib3\connectionpool.py", line 464, in _make_request
    self._validate_conn(conn)
  File "C:\Users\JonataoCardoso\Documents\GitHub\affiliate-management\.venv\Lib\site-packages\urllib3\connectionpool.py", line 1093, in _validate_conn
    conn.connect()
  File "C:\Users\JonataoCardoso\Documents\GitHub\affiliate-management\.venv\Lib\site-packages\urllib3\connection.py", line 796, in connect
    sock_and_verified = _ssl_wrap_socket_and_match_hostname(
  File "C:\Users\JonataoCardoso\Documents\GitHub\affiliate-management\.venv\Lib\site-packages\urllib3\connection.py", line 975, in _ssl_wrap_socket_and_match_hostname
    ssl_sock = ssl_wrap_socket(
  File "C:\Users\JonataoCardoso\Documents\GitHub\affiliate-management\.venv\Lib\site-packages\urllib3\util\ssl_.py", line 483, in ssl_wrap_socket
    ssl_sock = _ssl_wrap_socket_impl(sock, context, tls_in_tls, server_hostname)
  File "C:\Users\JonataoCardoso\Documents\GitHub\affiliate-management\.venv\Lib\site-packages\urllib3\util\ssl_.py", line 527, in _ssl_wrap_socket_impl
    return ssl_context.wrap_socket(sock, server_hostname=server_hostname)
  File "C:\Python313\Lib\ssl.py", line 455, in wrap_socket
    return self.sslsocket_class._create(
  File "C:\Python313\Lib\ssl.py", line 1076, in _create
    self.do_handshake()
  File "C:\Python313\Lib\ssl.py", line 1372, in do_handshake
    self._sslobj.do_handshake()

ssl.SSLError: [SSL: SSLV3_ALERT_HANDSHAKE_FAILURE] sslv3 alert handshake failure (_ssl.c:1018)


During handling of the above exception, another exception occurred:


Traceback (most recent call last):

  File "C:\Users\JonataoCardoso\Documents\GitHub\affiliate-management\.venv\Lib\site-packages\botocore\httpsession.py", line 464, in send
    urllib_response = conn.urlopen(
  File "C:\Users\JonataoCardoso\Documents\GitHub\affiliate-management\.venv\Lib\site-packages\urllib3\connectionpool.py", line 841, in urlopen
    retries = retries.increment(
  File "C:\Users\JonataoCardoso\Documents\GitHub\affiliate-management\.venv\Lib\site-packages\urllib3\util\retry.py", line 465, in increment
    raise reraise(type(error), error, _stacktrace)
  File "C:\Users\JonataoCardoso\Documents\GitHub\affiliate-management\.venv\Lib\site-packages\urllib3\util\util.py", line 39, in reraise
    raise value
  File "C:\Users\JonataoCardoso\Documents\GitHub\affiliate-management\.venv\Lib\site-packages\urllib3\connectionpool.py", line 787, in urlopen
    response = self._make_request(
  File "C:\Users\JonataoCardoso\Documents\GitHub\affiliate-management\.venv\Lib\site-packages\urllib3\connectionpool.py", line 488, in _make_request
    raise new_e

urllib3.exceptions.SSLError: [SSL: SSLV3_ALERT_HANDSHAKE_FAILURE] sslv3 alert handshake failure (_ssl.c:1018)


During handling of the above exception, another exception occurred:


Traceback (most recent call last):

  File "<string>", line 1, in <module>
    from multiprocessing.spawn import spawn_main; spawn_main(parent_pid=30488, pipe_handle=584)
  File "C:\Python313\Lib\multiprocessing\spawn.py", line 122, in spawn_main
    exitcode = _main(fd, parent_sentinel)
  File "C:\Python313\Lib\multiprocessing\spawn.py", line 135, in _main
    return self._bootstrap(parent_sentinel)
  File "C:\Python313\Lib\multiprocessing\process.py", line 313, in _bootstrap
    self.run()
  File "C:\Python313\Lib\multiprocessing\process.py", line 108, in run
    self._target(*self._args, **self._kwargs)
  File "C:\Users\JonataoCardoso\Documents\GitHub\affiliate-management\.venv\Lib\site-packages\uvicorn\_subprocess.py", line 78, in subprocess_started
    target(sockets=sockets)
  File "C:\Users\JonataoCardoso\Documents\GitHub\affiliate-management\.venv\Lib\site-packages\uvicorn\server.py", line 62, in run
    return asyncio.run(self.serve(sockets=sockets))
  File "C:\Python313\Lib\asyncio\runners.py", line 194, in run
    return runner.run(main)
  File "C:\Python313\Lib\asyncio\runners.py", line 118, in run
    return self._loop.run_until_complete(task)
  File "C:\Python313\Lib\asyncio\base_events.py", line 707, in run_until_complete
    self.run_forever()
  File "C:\Python313\Lib\asyncio\base_events.py", line 678, in run_forever
    self._run_once()
  File "C:\Python313\Lib\asyncio\base_events.py", line 2033, in _run_once
    handle._run()
  File "C:\Python313\Lib\asyncio\events.py", line 89, in _run
    self._context.run(self._callback, *self._args)
  File "C:\Users\JonataoCardoso\Documents\GitHub\affiliate-management\.venv\Lib\site-packages\starlette\middleware\base.py", line 149, in coro
    await self.app(scope, receive_or_disconnect, send_no_error)
  File "C:\Users\JonataoCardoso\Documents\GitHub\affiliate-management\.venv\Lib\site-packages\starlette\middleware\exceptions.py", line 62, in __call__
    await wrap_app_handling_exceptions(self.app, conn)(scope, receive, send)
  File "C:\Users\JonataoCardoso\Documents\GitHub\affiliate-management\.venv\Lib\site-packages\starlette\_exception_handler.py", line 51, in wrapped_app
    await app(scope, receive, sender)
  File "C:\Users\JonataoCardoso\Documents\GitHub\affiliate-management\.venv\Lib\site-packages\starlette\routing.py", line 715, in __call__
    await self.middleware_stack(scope, receive, send)
  File "C:\Users\JonataoCardoso\Documents\GitHub\affiliate-management\.venv\Lib\site-packages\starlette\routing.py", line 735, in app
    await route.handle(scope, receive, send)
  File "C:\Users\JonataoCardoso\Documents\GitHub\affiliate-management\.venv\Lib\site-packages\starlette\routing.py", line 288, in handle
    await self.app(scope, receive, send)
  File "C:\Users\JonataoCardoso\Documents\GitHub\affiliate-management\.venv\Lib\site-packages\starlette\routing.py", line 76, in app
    await wrap_app_handling_exceptions(app, request)(scope, receive, send)
  File "C:\Users\JonataoCardoso\Documents\GitHub\affiliate-management\.venv\Lib\site-packages\starlette\_exception_handler.py", line 51, in wrapped_app
    await app(scope, receive, sender)
  File "C:\Users\JonataoCardoso\Documents\GitHub\affiliate-management\.venv\Lib\site-packages\starlette\routing.py", line 73, in app
    response = await f(request)
  File "C:\Users\JonataoCardoso\Documents\GitHub\affiliate-management\.venv\Lib\site-packages\fastapi\routing.py", line 301, in app
    raw_response = await run_endpoint_function(
  File "C:\Users\JonataoCardoso\Documents\GitHub\affiliate-management\.venv\Lib\site-packages\fastapi\routing.py", line 212, in run_endpoint_function
    return await dependant.call(**values)

  File "C:\Users\JonataoCardoso\Documents\GitHub\affiliate-management\app\routers\admin\withdrawals.py", line 52, in approve_withdrawal
    proof_url = await storage_service.upload_file(file)

  File "C:\Users\JonataoCardoso\Documents\GitHub\affiliate-management\app\services\storage_service.py", line 31, in upload_file
    self.s3.put_object(

  File "C:\Users\JonataoCardoso\Documents\GitHub\affiliate-management\.venv\Lib\site-packages\botocore\client.py", line 565, in _api_call
    return self._make_api_call(operation_name, kwargs)
  File "C:\Users\JonataoCardoso\Documents\GitHub\affiliate-management\.venv\Lib\site-packages\botocore\client.py", line 999, in _make_api_call
    http, parsed_response = self._make_request(
  File "C:\Users\JonataoCardoso\Documents\GitHub\affiliate-management\.venv\Lib\site-packages\botocore\client.py", line 1023, in _make_request
    return self._endpoint.make_request(operation_model, request_dict)
  File "C:\Users\JonataoCardoso\Documents\GitHub\affiliate-management\.venv\Lib\site-packages\botocore\endpoint.py", line 119, in make_request
    return self._send_request(request_dict, operation_model)
  File "C:\Users\JonataoCardoso\Documents\GitHub\affiliate-management\.venv\Lib\site-packages\botocore\endpoint.py", line 216, in _send_request
    success_response, exception = self._get_response(
  File "C:\Users\JonataoCardoso\Documents\GitHub\affiliate-management\.venv\Lib\site-packages\botocore\endpoint.py", line 239, in _get_response
    success_response, exception = self._do_get_response(
> File "C:\Users\JonataoCardoso\Documents\GitHub\affiliate-management\.venv\Lib\site-packages\botocore\endpoint.py", line 279, in _do_get_response
    http_response = self._send(request)
  File "C:\Users\JonataoCardoso\Documents\GitHub\affiliate-management\.venv\Lib\site-packages\botocore\endpoint.py", line 375, in _send
    return self.http_session.send(request)
  File "C:\Users\JonataoCardoso\Documents\GitHub\affiliate-management\.venv\Lib\site-packages\botocore\httpsession.py", line 491, in send
    raise SSLError(endpoint_url=request.url, error=e)

botocore.exceptions.SSLError: SSL validation failed for https://your-account-id.r2.cloudflarestorage.com/mindware-affiliates/proofs/8288aea0-b684-4749-b46c-4c3bf39f77e4.pdf [SSL: SSLV3_ALERT_HANDSHAKE_FAILURE] sslv3 alert handshake failure (_ssl.c:1018)
2026-05-09 16:16:55 | DEBUG    | logging:callHandlers:1736 - Event needs-retry.s3.PutObject: calling handler <botocore.retryhandler.RetryHandler object at 0x000001D9216CBCB0>
2026-05-09 16:16:55 | DEBUG    | logging:callHandlers:1736 - retry needed, retryable exception caught: SSL validation failed for https://your-account-id.r2.cloudflarestorage.com/mindware-affiliates/proofs/8288aea0-b684-4749-b46c-4c3bf39f77e4.pdf [SSL: SSLV3_ALERT_HANDSHAKE_FAILURE] sslv3 alert handshake failure (_ssl.c:1018)
Traceback (most recent call last):

  File "C:\Users\JonataoCardoso\Documents\GitHub\affiliate-management\.venv\Lib\site-packages\urllib3\connectionpool.py", line 464, in _make_request
    self._validate_conn(conn)
  File "C:\Users\JonataoCardoso\Documents\GitHub\affiliate-management\.venv\Lib\site-packages\urllib3\connectionpool.py", line 1093, in _validate_conn
    conn.connect()
  File "C:\Users\JonataoCardoso\Documents\GitHub\affiliate-management\.venv\Lib\site-packages\urllib3\connection.py", line 796, in connect
    sock_and_verified = _ssl_wrap_socket_and_match_hostname(
  File "C:\Users\JonataoCardoso\Documents\GitHub\affiliate-management\.venv\Lib\site-packages\urllib3\connection.py", line 975, in _ssl_wrap_socket_and_match_hostname
    ssl_sock = ssl_wrap_socket(
  File "C:\Users\JonataoCardoso\Documents\GitHub\affiliate-management\.venv\Lib\site-packages\urllib3\util\ssl_.py", line 483, in ssl_wrap_socket
    ssl_sock = _ssl_wrap_socket_impl(sock, context, tls_in_tls, server_hostname)
  File "C:\Users\JonataoCardoso\Documents\GitHub\affiliate-management\.venv\Lib\site-packages\urllib3\util\ssl_.py", line 527, in _ssl_wrap_socket_impl
    return ssl_context.wrap_socket(sock, server_hostname=server_hostname)
  File "C:\Python313\Lib\ssl.py", line 455, in wrap_socket
    return self.sslsocket_class._create(
  File "C:\Python313\Lib\ssl.py", line 1076, in _create
    self.do_handshake()
  File "C:\Python313\Lib\ssl.py", line 1372, in do_handshake
    self._sslobj.do_handshake()

ssl.SSLError: [SSL: SSLV3_ALERT_HANDSHAKE_FAILURE] sslv3 alert handshake failure (_ssl.c:1018)


During handling of the above exception, another exception occurred:


Traceback (most recent call last):

  File "C:\Users\JonataoCardoso\Documents\GitHub\affiliate-management\.venv\Lib\site-packages\botocore\httpsession.py", line 464, in send
    urllib_response = conn.urlopen(
  File "C:\Users\JonataoCardoso\Documents\GitHub\affiliate-management\.venv\Lib\site-packages\urllib3\connectionpool.py", line 841, in urlopen
    retries = retries.increment(
  File "C:\Users\JonataoCardoso\Documents\GitHub\affiliate-management\.venv\Lib\site-packages\urllib3\util\retry.py", line 465, in increment
    raise reraise(type(error), error, _stacktrace)
  File "C:\Users\JonataoCardoso\Documents\GitHub\affiliate-management\.venv\Lib\site-packages\urllib3\util\util.py", line 39, in reraise
    raise value
  File "C:\Users\JonataoCardoso\Documents\GitHub\affiliate-management\.venv\Lib\site-packages\urllib3\connectionpool.py", line 787, in urlopen
    response = self._make_request(
  File "C:\Users\JonataoCardoso\Documents\GitHub\affiliate-management\.venv\Lib\site-packages\urllib3\connectionpool.py", line 488, in _make_request
    raise new_e

urllib3.exceptions.SSLError: [SSL: SSLV3_ALERT_HANDSHAKE_FAILURE] sslv3 alert handshake failure (_ssl.c:1018)


During handling of the above exception, another exception occurred:


Traceback (most recent call last):

  File "<string>", line 1, in <module>
    from multiprocessing.spawn import spawn_main; spawn_main(parent_pid=30488, pipe_handle=584)
  File "C:\Python313\Lib\multiprocessing\spawn.py", line 122, in spawn_main
    exitcode = _main(fd, parent_sentinel)
  File "C:\Python313\Lib\multiprocessing\spawn.py", line 135, in _main
    return self._bootstrap(parent_sentinel)
  File "C:\Python313\Lib\multiprocessing\process.py", line 313, in _bootstrap
    self.run()
  File "C:\Python313\Lib\multiprocessing\process.py", line 108, in run
    self._target(*self._args, **self._kwargs)
  File "C:\Users\JonataoCardoso\Documents\GitHub\affiliate-management\.venv\Lib\site-packages\uvicorn\_subprocess.py", line 78, in subprocess_started
    target(sockets=sockets)
  File "C:\Users\JonataoCardoso\Documents\GitHub\affiliate-management\.venv\Lib\site-packages\uvicorn\server.py", line 62, in run
    return asyncio.run(self.serve(sockets=sockets))
  File "C:\Python313\Lib\asyncio\runners.py", line 194, in run
    return runner.run(main)
  File "C:\Python313\Lib\asyncio\runners.py", line 118, in run
    return self._loop.run_until_complete(task)
  File "C:\Python313\Lib\asyncio\base_events.py", line 707, in run_until_complete
    self.run_forever()
  File "C:\Python313\Lib\asyncio\base_events.py", line 678, in run_forever
    self._run_once()
  File "C:\Python313\Lib\asyncio\base_events.py", line 2033, in _run_once
    handle._run()
  File "C:\Python313\Lib\asyncio\events.py", line 89, in _run
    self._context.run(self._callback, *self._args)
  File "C:\Users\JonataoCardoso\Documents\GitHub\affiliate-management\.venv\Lib\site-packages\starlette\middleware\base.py", line 149, in coro
    await self.app(scope, receive_or_disconnect, send_no_error)
  File "C:\Users\JonataoCardoso\Documents\GitHub\affiliate-management\.venv\Lib\site-packages\starlette\middleware\exceptions.py", line 62, in __call__
    await wrap_app_handling_exceptions(self.app, conn)(scope, receive, send)
  File "C:\Users\JonataoCardoso\Documents\GitHub\affiliate-management\.venv\Lib\site-packages\starlette\_exception_handler.py", line 51, in wrapped_app
    await app(scope, receive, sender)
  File "C:\Users\JonataoCardoso\Documents\GitHub\affiliate-management\.venv\Lib\site-packages\starlette\routing.py", line 715, in __call__
    await self.middleware_stack(scope, receive, send)
  File "C:\Users\JonataoCardoso\Documents\GitHub\affiliate-management\.venv\Lib\site-packages\starlette\routing.py", line 735, in app
    await route.handle(scope, receive, send)
  File "C:\Users\JonataoCardoso\Documents\GitHub\affiliate-management\.venv\Lib\site-packages\starlette\routing.py", line 288, in handle
    await self.app(scope, receive, send)
  File "C:\Users\JonataoCardoso\Documents\GitHub\affiliate-management\.venv\Lib\site-packages\starlette\routing.py", line 76, in app
    await wrap_app_handling_exceptions(app, request)(scope, receive, send)
  File "C:\Users\JonataoCardoso\Documents\GitHub\affiliate-management\.venv\Lib\site-packages\starlette\_exception_handler.py", line 51, in wrapped_app
    await app(scope, receive, sender)
  File "C:\Users\JonataoCardoso\Documents\GitHub\affiliate-management\.venv\Lib\site-packages\starlette\routing.py", line 73, in app
    response = await f(request)
  File "C:\Users\JonataoCardoso\Documents\GitHub\affiliate-management\.venv\Lib\site-packages\fastapi\routing.py", line 301, in app
    raw_response = await run_endpoint_function(
  File "C:\Users\JonataoCardoso\Documents\GitHub\affiliate-management\.venv\Lib\site-packages\fastapi\routing.py", line 212, in run_endpoint_function
    return await dependant.call(**values)

  File "C:\Users\JonataoCardoso\Documents\GitHub\affiliate-management\app\routers\admin\withdrawals.py", line 52, in approve_withdrawal
    proof_url = await storage_service.upload_file(file)

  File "C:\Users\JonataoCardoso\Documents\GitHub\affiliate-management\app\services\storage_service.py", line 31, in upload_file
    self.s3.put_object(

  File "C:\Users\JonataoCardoso\Documents\GitHub\affiliate-management\.venv\Lib\site-packages\botocore\client.py", line 565, in _api_call
    return self._make_api_call(operation_name, kwargs)
  File "C:\Users\JonataoCardoso\Documents\GitHub\affiliate-management\.venv\Lib\site-packages\botocore\client.py", line 999, in _make_api_call
    http, parsed_response = self._make_request(
  File "C:\Users\JonataoCardoso\Documents\GitHub\affiliate-management\.venv\Lib\site-packages\botocore\client.py", line 1023, in _make_request
    return self._endpoint.make_request(operation_model, request_dict)
  File "C:\Users\JonataoCardoso\Documents\GitHub\affiliate-management\.venv\Lib\site-packages\botocore\endpoint.py", line 119, in make_request
    return self._send_request(request_dict, operation_model)
  File "C:\Users\JonataoCardoso\Documents\GitHub\affiliate-management\.venv\Lib\site-packages\botocore\endpoint.py", line 200, in _send_request
    while self._needs_retry(
  File "C:\Users\JonataoCardoso\Documents\GitHub\affiliate-management\.venv\Lib\site-packages\botocore\endpoint.py", line 352, in _needs_retry
    responses = self._event_emitter.emit(
  File "C:\Users\JonataoCardoso\Documents\GitHub\affiliate-management\.venv\Lib\site-packages\botocore\hooks.py", line 412, in emit
    return self._emitter.emit(aliased_event_name, **kwargs)
  File "C:\Users\JonataoCardoso\Documents\GitHub\affiliate-management\.venv\Lib\site-packages\botocore\hooks.py", line 256, in emit
    return self._emit(event_name, kwargs)
  File "C:\Users\JonataoCardoso\Documents\GitHub\affiliate-management\.venv\Lib\site-packages\botocore\hooks.py", line 239, in _emit
    response = handler(**kwargs)
  File "C:\Users\JonataoCardoso\Documents\GitHub\affiliate-management\.venv\Lib\site-packages\botocore\retryhandler.py", line 207, in __call__
    if self._checker(**checker_kwargs):
  File "C:\Users\JonataoCardoso\Documents\GitHub\affiliate-management\.venv\Lib\site-packages\botocore\retryhandler.py", line 284, in __call__
    should_retry = self._should_retry(
> File "C:\Users\JonataoCardoso\Documents\GitHub\affiliate-management\.venv\Lib\site-packages\botocore\retryhandler.py", line 307, in _should_retry
    return self._checker(
  File "C:\Users\JonataoCardoso\Documents\GitHub\affiliate-management\.venv\Lib\site-packages\botocore\retryhandler.py", line 363, in __call__
    checker_response = checker(
  File "C:\Users\JonataoCardoso\Documents\GitHub\affiliate-management\.venv\Lib\site-packages\botocore\retryhandler.py", line 247, in __call__
    return self._check_caught_exception(
  File "C:\Users\JonataoCardoso\Documents\GitHub\affiliate-management\.venv\Lib\site-packages\botocore\retryhandler.py", line 416, in _check_caught_exception
    raise caught_exception
  File "C:\Users\JonataoCardoso\Documents\GitHub\affiliate-management\.venv\Lib\site-packages\botocore\endpoint.py", line 279, in _do_get_response
    http_response = self._send(request)
  File "C:\Users\JonataoCardoso\Documents\GitHub\affiliate-management\.venv\Lib\site-packages\botocore\endpoint.py", line 375, in _send
    return self.http_session.send(request)
  File "C:\Users\JonataoCardoso\Documents\GitHub\affiliate-management\.venv\Lib\site-packages\botocore\httpsession.py", line 491, in send
    raise SSLError(endpoint_url=request.url, error=e)

botocore.exceptions.SSLError: SSL validation failed for https://your-account-id.r2.cloudflarestorage.com/mindware-affiliates/proofs/8288aea0-b684-4749-b46c-4c3bf39f77e4.pdf [SSL: SSLV3_ALERT_HANDSHAKE_FAILURE] sslv3 alert handshake failure (_ssl.c:1018)
2026-05-09 16:16:55 | DEBUG    | logging:callHandlers:1736 - Retry needed, action of: 4.807202872473227
2026-05-09 16:16:55 | DEBUG    | logging:callHandlers:1736 - Event needs-retry.s3.PutObject: calling handler <bound method S3RegionRedirectorv2.redirect_from_error of <botocore.utils.S3RegionRedirectorv2 object at 0x000001D9216CBE00>>
2026-05-09 16:16:55 | DEBUG    | logging:callHandlers:1736 - Response received to retry, sleeping for 4.807202872473227 seconds
2026-05-09 16:16:59 | DEBUG    | logging:callHandlers:1736 - Rewinding stream: <_io.BytesIO object at 0x000001D921EA2570>
2026-05-09 16:16:59 | DEBUG    | logging:callHandlers:1736 - Event request-created.s3.PutObject: calling handler <bound method RequestSigner.handler of <botocore.signers.RequestSigner object at 0x000001D9216C9A90>>
2026-05-09 16:16:59 | DEBUG    | logging:callHandlers:1736 - Event choose-signer.s3.PutObject: calling handler <function set_operation_specific_signer at 0x000001D920FC56C0>
2026-05-09 16:16:59 | DEBUG    | logging:callHandlers:1736 - Event before-sign.s3.PutObject: calling handler <function remove_arn_from_signing_path at 0x000001D920FC7CE0>
2026-05-09 16:16:59 | DEBUG    | logging:callHandlers:1736 - Event before-sign.s3.PutObject: calling handler <bound method S3ExpressIdentityResolver.resolve_s3express_identity of <botocore.utils.S3ExpressIdentityResolver object at 0x000001D921974050>>
2026-05-09 16:16:59 | DEBUG    | logging:callHandlers:1736 - Calculating signature using v4 auth.
2026-05-09 16:16:59 | DEBUG    | logging:callHandlers:1736 - CanonicalRequest:
PUT
/mindware-affiliates/proofs/8288aea0-b684-4749-b46c-4c3bf39f77e4.pdf

content-md5:ofvg6+XsZ5iRBJ/HqOqs6g==
content-type:application/pdf
host:your-account-id.r2.cloudflarestorage.com
x-amz-content-sha256:UNSIGNED-PAYLOAD
x-amz-date:20260509T151659Z

content-md5;content-type;host;x-amz-content-sha256;x-amz-date
UNSIGNED-PAYLOAD
2026-05-09 16:16:59 | DEBUG    | logging:callHandlers:1736 - StringToSign:
AWS4-HMAC-SHA256
20260509T151659Z
20260509/auto/s3/aws4_request
fc98fcb4701ceb7098e3ef691441277d55693a7336e8ceafa1d69a273380230e
2026-05-09 16:16:59 | DEBUG    | logging:callHandlers:1736 - Signature:
607a27735cb080b03c7bd48efd5391b8fee591adb6f4de27058e1e08c0aed958
2026-05-09 16:16:59 | DEBUG    | logging:callHandlers:1736 - Event request-created.s3.PutObject: calling handler <function add_retry_headers at 0x000001D920FC7B00>
2026-05-09 16:16:59 | DEBUG    | logging:callHandlers:1736 - Sending http request: <AWSPreparedRequest stream_output=False, method=PUT, url=https://your-account-id.r2.cloudflarestorage.com/mindware-affiliates/proofs/8288aea0-b684-4749-b46c-4c3bf39f77e4.pdf, headers={'Content-Type': b'application/pdf', 'User-Agent': b'Boto3/1.34.44 md/Botocore#1.34.162 ua/2.0 os/windows#11 md/arch#amd64 lang/python#3.13.1 md/pyimpl#CPython cfg/retry-mode#legacy Botocore/1.34.162', 'Content-MD5': b'ofvg6+XsZ5iRBJ/HqOqs6g==', 'Expect': b'100-continue', 'X-Amz-Date': b'20260509T151659Z', 'X-Amz-Content-SHA256': b'UNSIGNED-PAYLOAD', 'Authorization': b'AWS4-HMAC-SHA256 Credential=your-access-key/20260509/auto/s3/aws4_request, SignedHeaders=content-md5;content-type;host;x-amz-content-sha256;x-amz-date, Signature=607a27735cb080b03c7bd48efd5391b8fee591adb6f4de27058e1e08c0aed958', 'amz-sdk-invocation-id': b'ff121650-060b-4f0b-80d6-faf11cb290dc', 'amz-sdk-request': b'attempt=5; max=5', 'Content-Length': '39948'}>
2026-05-09 16:16:59 | DEBUG    | logging:callHandlers:1736 - Certificate path: C:\Users\JonataoCardoso\Documents\GitHub\affiliate-management\.venv\Lib\site-packages\certifi\cacert.pem
2026-05-09 16:16:59 | DEBUG    | logging:callHandlers:1736 - Starting new HTTPS connection (5): your-account-id.r2.cloudflarestorage.com:443
2026-05-09 16:17:01 | DEBUG    | logging:callHandlers:1736 - Exception received when sending HTTP request.
Traceback (most recent call last):

  File "C:\Users\JonataoCardoso\Documents\GitHub\affiliate-management\.venv\Lib\site-packages\urllib3\connectionpool.py", line 464, in _make_request
    self._validate_conn(conn)
  File "C:\Users\JonataoCardoso\Documents\GitHub\affiliate-management\.venv\Lib\site-packages\urllib3\connectionpool.py", line 1093, in _validate_conn
    conn.connect()
  File "C:\Users\JonataoCardoso\Documents\GitHub\affiliate-management\.venv\Lib\site-packages\urllib3\connection.py", line 796, in connect
    sock_and_verified = _ssl_wrap_socket_and_match_hostname(
  File "C:\Users\JonataoCardoso\Documents\GitHub\affiliate-management\.venv\Lib\site-packages\urllib3\connection.py", line 975, in _ssl_wrap_socket_and_match_hostname
    ssl_sock = ssl_wrap_socket(
  File "C:\Users\JonataoCardoso\Documents\GitHub\affiliate-management\.venv\Lib\site-packages\urllib3\util\ssl_.py", line 483, in ssl_wrap_socket
    ssl_sock = _ssl_wrap_socket_impl(sock, context, tls_in_tls, server_hostname)
  File "C:\Users\JonataoCardoso\Documents\GitHub\affiliate-management\.venv\Lib\site-packages\urllib3\util\ssl_.py", line 527, in _ssl_wrap_socket_impl
    return ssl_context.wrap_socket(sock, server_hostname=server_hostname)
  File "C:\Python313\Lib\ssl.py", line 455, in wrap_socket
    return self.sslsocket_class._create(
  File "C:\Python313\Lib\ssl.py", line 1076, in _create
    self.do_handshake()
  File "C:\Python313\Lib\ssl.py", line 1372, in do_handshake
    self._sslobj.do_handshake()

ssl.SSLError: [SSL: SSLV3_ALERT_HANDSHAKE_FAILURE] sslv3 alert handshake failure (_ssl.c:1018)


During handling of the above exception, another exception occurred:


Traceback (most recent call last):

  File "C:\Users\JonataoCardoso\Documents\GitHub\affiliate-management\.venv\Lib\site-packages\botocore\httpsession.py", line 464, in send
    urllib_response = conn.urlopen(
  File "C:\Users\JonataoCardoso\Documents\GitHub\affiliate-management\.venv\Lib\site-packages\urllib3\connectionpool.py", line 841, in urlopen
    retries = retries.increment(
  File "C:\Users\JonataoCardoso\Documents\GitHub\affiliate-management\.venv\Lib\site-packages\urllib3\util\retry.py", line 465, in increment
    raise reraise(type(error), error, _stacktrace)
  File "C:\Users\JonataoCardoso\Documents\GitHub\affiliate-management\.venv\Lib\site-packages\urllib3\util\util.py", line 39, in reraise
    raise value
  File "C:\Users\JonataoCardoso\Documents\GitHub\affiliate-management\.venv\Lib\site-packages\urllib3\connectionpool.py", line 787, in urlopen
    response = self._make_request(
  File "C:\Users\JonataoCardoso\Documents\GitHub\affiliate-management\.venv\Lib\site-packages\urllib3\connectionpool.py", line 488, in _make_request
    raise new_e

urllib3.exceptions.SSLError: [SSL: SSLV3_ALERT_HANDSHAKE_FAILURE] sslv3 alert handshake failure (_ssl.c:1018)


During handling of the above exception, another exception occurred:


Traceback (most recent call last):

  File "<string>", line 1, in <module>
    from multiprocessing.spawn import spawn_main; spawn_main(parent_pid=30488, pipe_handle=584)
  File "C:\Python313\Lib\multiprocessing\spawn.py", line 122, in spawn_main
    exitcode = _main(fd, parent_sentinel)
  File "C:\Python313\Lib\multiprocessing\spawn.py", line 135, in _main
    return self._bootstrap(parent_sentinel)
  File "C:\Python313\Lib\multiprocessing\process.py", line 313, in _bootstrap
    self.run()
  File "C:\Python313\Lib\multiprocessing\process.py", line 108, in run
    self._target(*self._args, **self._kwargs)
  File "C:\Users\JonataoCardoso\Documents\GitHub\affiliate-management\.venv\Lib\site-packages\uvicorn\_subprocess.py", line 78, in subprocess_started
    target(sockets=sockets)
  File "C:\Users\JonataoCardoso\Documents\GitHub\affiliate-management\.venv\Lib\site-packages\uvicorn\server.py", line 62, in run
    return asyncio.run(self.serve(sockets=sockets))
  File "C:\Python313\Lib\asyncio\runners.py", line 194, in run
    return runner.run(main)
  File "C:\Python313\Lib\asyncio\runners.py", line 118, in run
    return self._loop.run_until_complete(task)
  File "C:\Python313\Lib\asyncio\base_events.py", line 707, in run_until_complete
    self.run_forever()
  File "C:\Python313\Lib\asyncio\base_events.py", line 678, in run_forever
    self._run_once()
  File "C:\Python313\Lib\asyncio\base_events.py", line 2033, in _run_once
    handle._run()
  File "C:\Python313\Lib\asyncio\events.py", line 89, in _run
    self._context.run(self._callback, *self._args)
  File "C:\Users\JonataoCardoso\Documents\GitHub\affiliate-management\.venv\Lib\site-packages\starlette\middleware\base.py", line 149, in coro
    await self.app(scope, receive_or_disconnect, send_no_error)
  File "C:\Users\JonataoCardoso\Documents\GitHub\affiliate-management\.venv\Lib\site-packages\starlette\middleware\exceptions.py", line 62, in __call__
    await wrap_app_handling_exceptions(self.app, conn)(scope, receive, send)
  File "C:\Users\JonataoCardoso\Documents\GitHub\affiliate-management\.venv\Lib\site-packages\starlette\_exception_handler.py", line 51, in wrapped_app
    await app(scope, receive, sender)
  File "C:\Users\JonataoCardoso\Documents\GitHub\affiliate-management\.venv\Lib\site-packages\starlette\routing.py", line 715, in __call__
    await self.middleware_stack(scope, receive, send)
  File "C:\Users\JonataoCardoso\Documents\GitHub\affiliate-management\.venv\Lib\site-packages\starlette\routing.py", line 735, in app
    await route.handle(scope, receive, send)
  File "C:\Users\JonataoCardoso\Documents\GitHub\affiliate-management\.venv\Lib\site-packages\starlette\routing.py", line 288, in handle
    await self.app(scope, receive, send)
  File "C:\Users\JonataoCardoso\Documents\GitHub\affiliate-management\.venv\Lib\site-packages\starlette\routing.py", line 76, in app
    await wrap_app_handling_exceptions(app, request)(scope, receive, send)
  File "C:\Users\JonataoCardoso\Documents\GitHub\affiliate-management\.venv\Lib\site-packages\starlette\_exception_handler.py", line 51, in wrapped_app
    await app(scope, receive, sender)
  File "C:\Users\JonataoCardoso\Documents\GitHub\affiliate-management\.venv\Lib\site-packages\starlette\routing.py", line 73, in app
    response = await f(request)
  File "C:\Users\JonataoCardoso\Documents\GitHub\affiliate-management\.venv\Lib\site-packages\fastapi\routing.py", line 301, in app
    raw_response = await run_endpoint_function(
  File "C:\Users\JonataoCardoso\Documents\GitHub\affiliate-management\.venv\Lib\site-packages\fastapi\routing.py", line 212, in run_endpoint_function
    return await dependant.call(**values)

  File "C:\Users\JonataoCardoso\Documents\GitHub\affiliate-management\app\routers\admin\withdrawals.py", line 52, in approve_withdrawal
    proof_url = await storage_service.upload_file(file)

  File "C:\Users\JonataoCardoso\Documents\GitHub\affiliate-management\app\services\storage_service.py", line 31, in upload_file
    self.s3.put_object(

  File "C:\Users\JonataoCardoso\Documents\GitHub\affiliate-management\.venv\Lib\site-packages\botocore\client.py", line 565, in _api_call
    return self._make_api_call(operation_name, kwargs)
  File "C:\Users\JonataoCardoso\Documents\GitHub\affiliate-management\.venv\Lib\site-packages\botocore\client.py", line 999, in _make_api_call
    http, parsed_response = self._make_request(
  File "C:\Users\JonataoCardoso\Documents\GitHub\affiliate-management\.venv\Lib\site-packages\botocore\client.py", line 1023, in _make_request
    return self._endpoint.make_request(operation_model, request_dict)
  File "C:\Users\JonataoCardoso\Documents\GitHub\affiliate-management\.venv\Lib\site-packages\botocore\endpoint.py", line 119, in make_request
    return self._send_request(request_dict, operation_model)
  File "C:\Users\JonataoCardoso\Documents\GitHub\affiliate-management\.venv\Lib\site-packages\botocore\endpoint.py", line 216, in _send_request
    success_response, exception = self._get_response(
  File "C:\Users\JonataoCardoso\Documents\GitHub\affiliate-management\.venv\Lib\site-packages\botocore\endpoint.py", line 239, in _get_response
    success_response, exception = self._do_get_response(
> File "C:\Users\JonataoCardoso\Documents\GitHub\affiliate-management\.venv\Lib\site-packages\botocore\endpoint.py", line 279, in _do_get_response
    http_response = self._send(request)
  File "C:\Users\JonataoCardoso\Documents\GitHub\affiliate-management\.venv\Lib\site-packages\botocore\endpoint.py", line 375, in _send
    return self.http_session.send(request)
  File "C:\Users\JonataoCardoso\Documents\GitHub\affiliate-management\.venv\Lib\site-packages\botocore\httpsession.py", line 491, in send
    raise SSLError(endpoint_url=request.url, error=e)

botocore.exceptions.SSLError: SSL validation failed for https://your-account-id.r2.cloudflarestorage.com/mindware-affiliates/proofs/8288aea0-b684-4749-b46c-4c3bf39f77e4.pdf [SSL: SSLV3_ALERT_HANDSHAKE_FAILURE] sslv3 alert handshake failure (_ssl.c:1018)
2026-05-09 16:17:01 | DEBUG    | logging:callHandlers:1736 - Event needs-retry.s3.PutObject: calling handler <botocore.retryhandler.RetryHandler object at 0x000001D9216CBCB0>
2026-05-09 16:17:01 | INFO     | app.main:add_security_headers:43 - GET /api/v1/admin/withdrawals - 307 (0.0020s)
2026-05-09 16:17:01 | INFO     | app.main:add_security_headers:43 - GET /api/v1/admin/withdrawals/ - 200 (0.0252s)
2026-05-09 16:17:45 | INFO     | app.main:add_security_headers:43 - GET /api/v1/admin/withdrawals - 307 (0.0010s)
2026-05-09 16:17:45 | INFO     | app.main:add_security_headers:43 - GET /api/v1/admin/withdrawals/ - 200 (0.0203s)
